Subject,Start Date,Start Time,End Date,End Time,All Day Event,Description,Location
"पञ्चाङ्ग-पठनम्",2024-04-14,03:00,2024-04-15,03:30,False,५१२६ क्रोधी-मेषः-१: अद्य पञ्चाङ्गं पठामः! #adyatithi #अद्यतिथिः,https://raw.githubusercontent.com/karthikraman/panchangam/master/png/Chennai-5126/pathanam/001.png
"पञ्चाङ्ग-पठनम्",2024-04-15,03:00,2024-04-15,03:30,False,५१२६ क्रोधी-मेषः-२: अद्य पञ्चाङ्गं पठामः! #adyatithi #अद्यतिथिः,https://raw.githubusercontent.com/karthikraman/panchangam/master/png/Chennai-5126/pathanam/002.png
"पञ्चाङ्ग-पठनम्",2024-04-16,03:00,2024-04-16,03:30,False,५१२६ क्रोधी-मेषः-३: अद्य पञ्चाङ्गं पठामः! #adyatithi #अद्यतिथिः,https://raw.githubusercontent.com/karthikraman/panchangam/master/png/Chennai-5126/pathanam/003.png
"पञ्चाङ्ग-पठनम्",2024-04-17,03:00,2024-04-17,03:30,False,५१२६ क्रोधी-मेषः-४: अद्य पञ्चाङ्गं पठामः! #adyatithi #अद्यतिथिः,https://raw.githubusercontent.com/karthikraman/panchangam/master/png/Chennai-5126/pathanam/004.png
"पञ्चाङ्ग-पठनम्",2024-04-18,03:00,2024-04-18,03:30,False,५१२६ क्रोधी-मेषः-५: अद्य पञ्चाङ्गं पठामः! #adyatithi #अद्यतिथिः,https://raw.githubusercontent.com/karthikraman/panchangam/master/png/Chennai-5126/pathanam/005.png
"पञ्चाङ्ग-पठनम्",2024-04-19,03:00,2024-04-19,03:30,False,५१२६ क्रोधी-मेषः-६: अद्य पञ्चाङ्गं पठामः! #adyatithi #अद्यतिथिः,https://raw.githubusercontent.com/karthikraman/panchangam/master/png/Chennai-5126/pathanam/006.png
"पञ्चाङ्ग-पठनम्",2024-04-20,03:00,2024-04-20,03:30,False,५१२६ क्रोधी-मेषः-७: अद्य पञ्चाङ्गं पठामः! #adyatithi #अद्यतिथिः,https://raw.githubusercontent.com/karthikraman/panchangam/master/png/Chennai-5126/pathanam/007.png
"पञ्चाङ्ग-पठनम्",2024-04-21,03:00,2024-04-21,03:30,False,५१२६ क्रोधी-मेषः-८: अद्य पञ्चाङ्गं पठामः! #adyatithi #अद्यतिथिः,https://raw.githubusercontent.com/karthikraman/panchangam/master/png/Chennai-5126/pathanam/008.png
"पञ्चाङ्ग-पठनम्",2024-04-22,03:00,2024-04-22,03:30,False,५१२६ क्रोधी-मेषः-९: अद्य पञ्चाङ्गं पठामः! #adyatithi #अद्यतिथिः,https://raw.githubusercontent.com/karthikraman/panchangam/master/png/Chennai-5126/pathanam/009.png
"पञ्चाङ्ग-पठनम्",2024-04-23,03:00,2024-04-23,03:30,False,५१२६ क्रोधी-मेषः-१०: अद्य पञ्चाङ्गं पठामः! #adyatithi #अद्यतिथिः,https://raw.githubusercontent.com/karthikraman/panchangam/master/png/Chennai-5126/pathanam/010.png
"पञ्चाङ्ग-पठनम्",2024-04-24,03:00,2024-04-24,03:30,False,५१२६ क्रोधी-मेषः-११: अद्य पञ्चाङ्गं पठामः! #adyatithi #अद्यतिथिः,https://raw.githubusercontent.com/karthikraman/panchangam/master/png/Chennai-5126/pathanam/011.png
"पञ्चाङ्ग-पठनम्",2024-04-25,03:00,2024-04-25,03:30,False,५१२६ क्रोधी-मेषः-१२: अद्य पञ्चाङ्गं पठामः! #adyatithi #अद्यतिथिः,https://raw.githubusercontent.com/karthikraman/panchangam/master/png/Chennai-5126/pathanam/012.png
"पञ्चाङ्ग-पठनम्",2024-04-26,03:00,2024-04-26,03:30,False,५१२६ क्रोधी-मेषः-१३: अद्य पञ्चाङ्गं पठामः! #adyatithi #अद्यतिथिः,https://raw.githubusercontent.com/karthikraman/panchangam/master/png/Chennai-5126/pathanam/013.png
"पञ्चाङ्ग-पठनम्",2024-04-27,03:00,2024-04-27,03:30,False,५१२६ क्रोधी-मेषः-१४: अद्य पञ्चाङ्गं पठामः! #adyatithi #अद्यतिथिः,https://raw.githubusercontent.com/karthikraman/panchangam/master/png/Chennai-5126/pathanam/014.png
"पञ्चाङ्ग-पठनम्",2024-04-28,03:00,2024-04-28,03:30,False,५१२६ क्रोधी-मेषः-१५: अद्य पञ्चाङ्गं पठामः! #adyatithi #अद्यतिथिः,https://raw.githubusercontent.com/karthikraman/panchangam/master/png/Chennai-5126/pathanam/015.png
"पञ्चाङ्ग-पठनम्",2024-04-29,03:00,2024-04-29,03:30,False,५१२६ क्रोधी-मेषः-१६: अद्य पञ्चाङ्गं पठामः! #adyatithi #अद्यतिथिः,https://raw.githubusercontent.com/karthikraman/panchangam/master/png/Chennai-5126/pathanam/016.png
"पञ्चाङ्ग-पठनम्",2024-04-30,03:00,2024-04-30,03:30,False,५१२६ क्रोधी-मेषः-१७: अद्य पञ्चाङ्गं पठामः! #adyatithi #अद्यतिथिः,https://raw.githubusercontent.com/karthikraman/panchangam/master/png/Chennai-5126/pathanam/017.png
"पञ्चाङ्ग-पठनम्",2024-05-01,03:00,2024-05-01,03:30,False,५१२६ क्रोधी-मेषः-१८: अद्य पञ्चाङ्गं पठामः! #adyatithi #अद्यतिथिः,https://raw.githubusercontent.com/karthikraman/panchangam/master/png/Chennai-5126/pathanam/018.png
"पञ्चाङ्ग-पठनम्",2024-05-02,03:00,2024-05-02,03:30,False,५१२६ क्रोधी-मेषः-१९: अद्य पञ्चाङ्गं पठामः! #adyatithi #अद्यतिथिः,https://raw.githubusercontent.com/karthikraman/panchangam/master/png/Chennai-5126/pathanam/019.png
"पञ्चाङ्ग-पठनम्",2024-05-03,03:00,2024-05-03,03:30,False,५१२६ क्रोधी-मेषः-२०: अद्य पञ्चाङ्गं पठामः! #adyatithi #अद्यतिथिः,https://raw.githubusercontent.com/karthikraman/panchangam/master/png/Chennai-5126/pathanam/020.png
"पञ्चाङ्ग-पठनम्",2024-05-04,03:00,2024-05-04,03:30,False,५१२६ क्रोधी-मेषः-२१: अद्य पञ्चाङ्गं पठामः! #adyatithi #अद्यतिथिः,https://raw.githubusercontent.com/karthikraman/panchangam/master/png/Chennai-5126/pathanam/021.png
"पञ्चाङ्ग-पठनम्",2024-05-05,03:00,2024-05-05,03:30,False,५१२६ क्रोधी-मेषः-२२: अद्य पञ्चाङ्गं पठामः! #adyatithi #अद्यतिथिः,https://raw.githubusercontent.com/karthikraman/panchangam/master/png/Chennai-5126/pathanam/022.png
"पञ्चाङ्ग-पठनम्",2024-05-06,03:00,2024-05-06,03:30,False,५१२६ क्रोधी-मेषः-२३: अद्य पञ्चाङ्गं पठामः! #adyatithi #अद्यतिथिः,https://raw.githubusercontent.com/karthikraman/panchangam/master/png/Chennai-5126/pathanam/023.png
"पञ्चाङ्ग-पठनम्",2024-05-07,03:00,2024-05-07,03:30,False,५१२६ क्रोधी-मेषः-२४: अद्य पञ्चाङ्गं पठामः! #adyatithi #अद्यतिथिः,https://raw.githubusercontent.com/karthikraman/panchangam/master/png/Chennai-5126/pathanam/024.png
"पञ्चाङ्ग-पठनम्",2024-05-08,03:00,2024-05-08,03:30,False,५१२६ क्रोधी-मेषः-२५: अद्य पञ्चाङ्गं पठामः! #adyatithi #अद्यतिथिः,https://raw.githubusercontent.com/karthikraman/panchangam/master/png/Chennai-5126/pathanam/025.png
"पञ्चाङ्ग-पठनम्",2024-05-09,03:00,2024-05-09,03:30,False,५१२६ क्रोधी-मेषः-२६: अद्य पञ्चाङ्गं पठामः! #adyatithi #अद्यतिथिः,https://raw.githubusercontent.com/karthikraman/panchangam/master/png/Chennai-5126/pathanam/026.png
"पञ्चाङ्ग-पठनम्",2024-05-10,03:00,2024-05-10,03:30,False,५१२६ क्रोधी-मेषः-२७: अद्य पञ्चाङ्गं पठामः! #adyatithi #अद्यतिथिः,https://raw.githubusercontent.com/karthikraman/panchangam/master/png/Chennai-5126/pathanam/027.png
"पञ्चाङ्ग-पठनम्",2024-05-11,03:00,2024-05-11,03:30,False,५१२६ क्रोधी-मेषः-२८: अद्य पञ्चाङ्गं पठामः! #adyatithi #अद्यतिथिः,https://raw.githubusercontent.com/karthikraman/panchangam/master/png/Chennai-5126/pathanam/028.png
"पञ्चाङ्ग-पठनम्",2024-05-12,03:00,2024-05-12,03:30,False,५१२६ क्रोधी-मेषः-२९: अद्य पञ्चाङ्गं पठामः! #adyatithi #अद्यतिथिः,https://raw.githubusercontent.com/karthikraman/panchangam/master/png/Chennai-5126/pathanam/029.png
"पञ्चाङ्ग-पठनम्",2024-05-13,03:00,2024-05-13,03:30,False,५१२६ क्रोधी-मेषः-३०: अद्य पञ्चाङ्गं पठामः! #adyatithi #अद्यतिथिः,https://raw.githubusercontent.com/karthikraman/panchangam/master/png/Chennai-5126/pathanam/030.png
"पञ्चाङ्ग-पठनम्",2024-05-14,03:00,2024-05-14,03:30,False,५१२६ क्रोधी-वृषभः-१: अद्य पञ्चाङ्गं पठामः! #adyatithi #अद्यतिथिः,https://raw.githubusercontent.com/karthikraman/panchangam/master/png/Chennai-5126/pathanam/031.png
"पञ्चाङ्ग-पठनम्",2024-05-15,03:00,2024-05-15,03:30,False,५१२६ क्रोधी-वृषभः-२: अद्य पञ्चाङ्गं पठामः! #adyatithi #अद्यतिथिः,https://raw.githubusercontent.com/karthikraman/panchangam/master/png/Chennai-5126/pathanam/032.png
"पञ्चाङ्ग-पठनम्",2024-05-16,03:00,2024-05-16,03:30,False,५१२६ क्रोधी-वृषभः-३: अद्य पञ्चाङ्गं पठामः! #adyatithi #अद्यतिथिः,https://raw.githubusercontent.com/karthikraman/panchangam/master/png/Chennai-5126/pathanam/033.png
"पञ्चाङ्ग-पठनम्",2024-05-17,03:00,2024-05-17,03:30,False,५१२६ क्रोधी-वृषभः-४: अद्य पञ्चाङ्गं पठामः! #adyatithi #अद्यतिथिः,https://raw.githubusercontent.com/karthikraman/panchangam/master/png/Chennai-5126/pathanam/034.png
"पञ्चाङ्ग-पठनम्",2024-05-18,03:00,2024-05-18,03:30,False,५१२६ क्रोधी-वृषभः-५: अद्य पञ्चाङ्गं पठामः! #adyatithi #अद्यतिथिः,https://raw.githubusercontent.com/karthikraman/panchangam/master/png/Chennai-5126/pathanam/035.png
"पञ्चाङ्ग-पठनम्",2024-05-19,03:00,2024-05-19,03:30,False,५१२६ क्रोधी-वृषभः-६: अद्य पञ्चाङ्गं पठामः! #adyatithi #अद्यतिथिः,https://raw.githubusercontent.com/karthikraman/panchangam/master/png/Chennai-5126/pathanam/036.png
"पञ्चाङ्ग-पठनम्",2024-05-20,03:00,2024-05-20,03:30,False,५१२६ क्रोधी-वृषभः-७: अद्य पञ्चाङ्गं पठामः! #adyatithi #अद्यतिथिः,https://raw.githubusercontent.com/karthikraman/panchangam/master/png/Chennai-5126/pathanam/037.png
"पञ्चाङ्ग-पठनम्",2024-05-21,03:00,2024-05-21,03:30,False,५१२६ क्रोधी-वृषभः-८: अद्य पञ्चाङ्गं पठामः! #adyatithi #अद्यतिथिः,https://raw.githubusercontent.com/karthikraman/panchangam/master/png/Chennai-5126/pathanam/038.png
"पञ्चाङ्ग-पठनम्",2024-05-22,03:00,2024-05-22,03:30,False,५१२६ क्रोधी-वृषभः-९: अद्य पञ्चाङ्गं पठामः! #adyatithi #अद्यतिथिः,https://raw.githubusercontent.com/karthikraman/panchangam/master/png/Chennai-5126/pathanam/039.png
"पञ्चाङ्ग-पठनम्",2024-05-23,03:00,2024-05-23,03:30,False,५१२६ क्रोधी-वृषभः-१०: अद्य पञ्चाङ्गं पठामः! #adyatithi #अद्यतिथिः,https://raw.githubusercontent.com/karthikraman/panchangam/master/png/Chennai-5126/pathanam/040.png
"पञ्चाङ्ग-पठनम्",2024-05-24,03:00,2024-05-24,03:30,False,५१२६ क्रोधी-वृषभः-११: अद्य पञ्चाङ्गं पठामः! #adyatithi #अद्यतिथिः,https://raw.githubusercontent.com/karthikraman/panchangam/master/png/Chennai-5126/pathanam/041.png
"पञ्चाङ्ग-पठनम्",2024-05-25,03:00,2024-05-25,03:30,False,५१२६ क्रोधी-वृषभः-१२: अद्य पञ्चाङ्गं पठामः! #adyatithi #अद्यतिथिः,https://raw.githubusercontent.com/karthikraman/panchangam/master/png/Chennai-5126/pathanam/042.png
"पञ्चाङ्ग-पठनम्",2024-05-26,03:00,2024-05-26,03:30,False,५१२६ क्रोधी-वृषभः-१३: अद्य पञ्चाङ्गं पठामः! #adyatithi #अद्यतिथिः,https://raw.githubusercontent.com/karthikraman/panchangam/master/png/Chennai-5126/pathanam/043.png
"पञ्चाङ्ग-पठनम्",2024-05-27,03:00,2024-05-27,03:30,False,५१२६ क्रोधी-वृषभः-१४: अद्य पञ्चाङ्गं पठामः! #adyatithi #अद्यतिथिः,https://raw.githubusercontent.com/karthikraman/panchangam/master/png/Chennai-5126/pathanam/044.png
"पञ्चाङ्ग-पठनम्",2024-05-28,03:00,2024-05-28,03:30,False,५१२६ क्रोधी-वृषभः-१५: अद्य पञ्चाङ्गं पठामः! #adyatithi #अद्यतिथिः,https://raw.githubusercontent.com/karthikraman/panchangam/master/png/Chennai-5126/pathanam/045.png
"पञ्चाङ्ग-पठनम्",2024-05-29,03:00,2024-05-29,03:30,False,५१२६ क्रोधी-वृषभः-१६: अद्य पञ्चाङ्गं पठामः! #adyatithi #अद्यतिथिः,https://raw.githubusercontent.com/karthikraman/panchangam/master/png/Chennai-5126/pathanam/046.png
"पञ्चाङ्ग-पठनम्",2024-05-30,03:00,2024-05-30,03:30,False,५१२६ क्रोधी-वृषभः-१७: अद्य पञ्चाङ्गं पठामः! #adyatithi #अद्यतिथिः,https://raw.githubusercontent.com/karthikraman/panchangam/master/png/Chennai-5126/pathanam/047.png
"पञ्चाङ्ग-पठनम्",2024-05-31,03:00,2024-05-31,03:30,False,५१२६ क्रोधी-वृषभः-१८: अद्य पञ्चाङ्गं पठामः! #adyatithi #अद्यतिथिः,https://raw.githubusercontent.com/karthikraman/panchangam/master/png/Chennai-5126/pathanam/048.png
"पञ्चाङ्ग-पठनम्",2024-06-01,03:00,2024-06-01,03:30,False,५१२६ क्रोधी-वृषभः-१९: अद्य पञ्चाङ्गं पठामः! #adyatithi #अद्यतिथिः,https://raw.githubusercontent.com/karthikraman/panchangam/master/png/Chennai-5126/pathanam/049.png
"पञ्चाङ्ग-पठनम्",2024-06-02,03:00,2024-06-02,03:30,False,५१२६ क्रोधी-वृषभः-२०: अद्य पञ्चाङ्गं पठामः! #adyatithi #अद्यतिथिः,https://raw.githubusercontent.com/karthikraman/panchangam/master/png/Chennai-5126/pathanam/050.png
"पञ्चाङ्ग-पठनम्",2024-06-03,03:00,2024-06-03,03:30,False,५१२६ क्रोधी-वृषभः-२१: अद्य पञ्चाङ्गं पठामः! #adyatithi #अद्यतिथिः,https://raw.githubusercontent.com/karthikraman/panchangam/master/png/Chennai-5126/pathanam/051.png
"पञ्चाङ्ग-पठनम्",2024-06-04,03:00,2024-06-04,03:30,False,५१२६ क्रोधी-वृषभः-२२: अद्य पञ्चाङ्गं पठामः! #adyatithi #अद्यतिथिः,https://raw.githubusercontent.com/karthikraman/panchangam/master/png/Chennai-5126/pathanam/052.png
"पञ्चाङ्ग-पठनम्",2024-06-05,03:00,2024-06-05,03:30,False,५१२६ क्रोधी-वृषभः-२३: अद्य पञ्चाङ्गं पठामः! #adyatithi #अद्यतिथिः,https://raw.githubusercontent.com/karthikraman/panchangam/master/png/Chennai-5126/pathanam/053.png
"पञ्चाङ्ग-पठनम्",2024-06-06,03:00,2024-06-06,03:30,False,५१२६ क्रोधी-वृषभः-२४: अद्य पञ्चाङ्गं पठामः! #adyatithi #अद्यतिथिः,https://raw.githubusercontent.com/karthikraman/panchangam/master/png/Chennai-5126/pathanam/054.png
"पञ्चाङ्ग-पठनम्",2024-06-07,03:00,2024-06-07,03:30,False,५१२६ क्रोधी-वृषभः-२५: अद्य पञ्चाङ्गं पठामः! #adyatithi #अद्यतिथिः,https://raw.githubusercontent.com/karthikraman/panchangam/master/png/Chennai-5126/pathanam/055.png
"पञ्चाङ्ग-पठनम्",2024-06-08,03:00,2024-06-08,03:30,False,५१२६ क्रोधी-वृषभः-२६: अद्य पञ्चाङ्गं पठामः! #adyatithi #अद्यतिथिः,https://raw.githubusercontent.com/karthikraman/panchangam/master/png/Chennai-5126/pathanam/056.png
"पञ्चाङ्ग-पठनम्",2024-06-09,03:00,2024-06-09,03:30,False,५१२६ क्रोधी-वृषभः-२७: अद्य पञ्चाङ्गं पठामः! #adyatithi #अद्यतिथिः,https://raw.githubusercontent.com/karthikraman/panchangam/master/png/Chennai-5126/pathanam/057.png
"पञ्चाङ्ग-पठनम्",2024-06-10,03:00,2024-06-10,03:30,False,५१२६ क्रोधी-वृषभः-२८: अद्य पञ्चाङ्गं पठामः! #adyatithi #अद्यतिथिः,https://raw.githubusercontent.com/karthikraman/panchangam/master/png/Chennai-5126/pathanam/058.png
"पञ्चाङ्ग-पठनम्",2024-06-11,03:00,2024-06-11,03:30,False,५१२६ क्रोधी-वृषभः-२९: अद्य पञ्चाङ्गं पठामः! #adyatithi #अद्यतिथिः,https://raw.githubusercontent.com/karthikraman/panchangam/master/png/Chennai-5126/pathanam/059.png
"पञ्चाङ्ग-पठनम्",2024-06-12,03:00,2024-06-12,03:30,False,५१२६ क्रोधी-वृषभः-३०: अद्य पञ्चाङ्गं पठामः! #adyatithi #अद्यतिथिः,https://raw.githubusercontent.com/karthikraman/panchangam/master/png/Chennai-5126/pathanam/060.png
"पञ्चाङ्ग-पठनम्",2024-06-13,03:00,2024-06-13,03:30,False,५१२६ क्रोधी-वृषभः-३१: अद्य पञ्चाङ्गं पठामः! #adyatithi #अद्यतिथिः,https://raw.githubusercontent.com/karthikraman/panchangam/master/png/Chennai-5126/pathanam/061.png
"पञ्चाङ्ग-पठनम्",2024-06-14,03:00,2024-06-14,03:30,False,५१२६ क्रोधी-वृषभः-३२: अद्य पञ्चाङ्गं पठामः! #adyatithi #अद्यतिथिः,https://raw.githubusercontent.com/karthikraman/panchangam/master/png/Chennai-5126/pathanam/062.png
"पञ्चाङ्ग-पठनम्",2024-06-15,03:00,2024-06-15,03:30,False,५१२६ क्रोधी-मिथुनम्-१: अद्य पञ्चाङ्गं पठामः! #adyatithi #अद्यतिथिः,https://raw.githubusercontent.com/karthikraman/panchangam/master/png/Chennai-5126/pathanam/063.png
"पञ्चाङ्ग-पठनम्",2024-06-16,03:00,2024-06-16,03:30,False,५१२६ क्रोधी-मिथुनम्-२: अद्य पञ्चाङ्गं पठामः! #adyatithi #अद्यतिथिः,https://raw.githubusercontent.com/karthikraman/panchangam/master/png/Chennai-5126/pathanam/064.png
"पञ्चाङ्ग-पठनम्",2024-06-17,03:00,2024-06-17,03:30,False,५१२६ क्रोधी-मिथुनम्-३: अद्य पञ्चाङ्गं पठामः! #adyatithi #अद्यतिथिः,https://raw.githubusercontent.com/karthikraman/panchangam/master/png/Chennai-5126/pathanam/065.png
"पञ्चाङ्ग-पठनम्",2024-06-18,03:00,2024-06-18,03:30,False,५१२६ क्रोधी-मिथुनम्-४: अद्य पञ्चाङ्गं पठामः! #adyatithi #अद्यतिथिः,https://raw.githubusercontent.com/karthikraman/panchangam/master/png/Chennai-5126/pathanam/066.png
"पञ्चाङ्ग-पठनम्",2024-06-19,03:00,2024-06-19,03:30,False,५१२६ क्रोधी-मिथुनम्-५: अद्य पञ्चाङ्गं पठामः! #adyatithi #अद्यतिथिः,https://raw.githubusercontent.com/karthikraman/panchangam/master/png/Chennai-5126/pathanam/067.png
"पञ्चाङ्ग-पठनम्",2024-06-20,03:00,2024-06-20,03:30,False,५१२६ क्रोधी-मिथुनम्-६: अद्य पञ्चाङ्गं पठामः! #adyatithi #अद्यतिथिः,https://raw.githubusercontent.com/karthikraman/panchangam/master/png/Chennai-5126/pathanam/068.png
"पञ्चाङ्ग-पठनम्",2024-06-21,03:00,2024-06-21,03:30,False,५१२६ क्रोधी-मिथुनम्-७: अद्य पञ्चाङ्गं पठामः! #adyatithi #अद्यतिथिः,https://raw.githubusercontent.com/karthikraman/panchangam/master/png/Chennai-5126/pathanam/069.png
"पञ्चाङ्ग-पठनम्",2024-06-22,03:00,2024-06-22,03:30,False,५१२६ क्रोधी-मिथुनम्-८: अद्य पञ्चाङ्गं पठामः! #adyatithi #अद्यतिथिः,https://raw.githubusercontent.com/karthikraman/panchangam/master/png/Chennai-5126/pathanam/070.png
"पञ्चाङ्ग-पठनम्",2024-06-23,03:00,2024-06-23,03:30,False,५१२६ क्रोधी-मिथुनम्-९: अद्य पञ्चाङ्गं पठामः! #adyatithi #अद्यतिथिः,https://raw.githubusercontent.com/karthikraman/panchangam/master/png/Chennai-5126/pathanam/071.png
"पञ्चाङ्ग-पठनम्",2024-06-24,03:00,2024-06-24,03:30,False,५१२६ क्रोधी-मिथुनम्-१०: अद्य पञ्चाङ्गं पठामः! #adyatithi #अद्यतिथिः,https://raw.githubusercontent.com/karthikraman/panchangam/master/png/Chennai-5126/pathanam/072.png
"पञ्चाङ्ग-पठनम्",2024-06-25,03:00,2024-06-25,03:30,False,५१२६ क्रोधी-मिथुनम्-११: अद्य पञ्चाङ्गं पठामः! #adyatithi #अद्यतिथिः,https://raw.githubusercontent.com/karthikraman/panchangam/master/png/Chennai-5126/pathanam/073.png
"पञ्चाङ्ग-पठनम्",2024-06-26,03:00,2024-06-26,03:30,False,५१२६ क्रोधी-मिथुनम्-१२: अद्य पञ्चाङ्गं पठामः! #adyatithi #अद्यतिथिः,https://raw.githubusercontent.com/karthikraman/panchangam/master/png/Chennai-5126/pathanam/074.png
"पञ्चाङ्ग-पठनम्",2024-06-27,03:00,2024-06-27,03:30,False,५१२६ क्रोधी-मिथुनम्-१३: अद्य पञ्चाङ्गं पठामः! #adyatithi #अद्यतिथिः,https://raw.githubusercontent.com/karthikraman/panchangam/master/png/Chennai-5126/pathanam/075.png
"पञ्चाङ्ग-पठनम्",2024-06-28,03:00,2024-06-28,03:30,False,५१२६ क्रोधी-मिथुनम्-१४: अद्य पञ्चाङ्गं पठामः! #adyatithi #अद्यतिथिः,https://raw.githubusercontent.com/karthikraman/panchangam/master/png/Chennai-5126/pathanam/076.png
"पञ्चाङ्ग-पठनम्",2024-06-29,03:00,2024-06-29,03:30,False,५१२६ क्रोधी-मिथुनम्-१५: अद्य पञ्चाङ्गं पठामः! #adyatithi #अद्यतिथिः,https://raw.githubusercontent.com/karthikraman/panchangam/master/png/Chennai-5126/pathanam/077.png
"पञ्चाङ्ग-पठनम्",2024-06-30,03:00,2024-06-30,03:30,False,५१२६ क्रोधी-मिथुनम्-१६: अद्य पञ्चाङ्गं पठामः! #adyatithi #अद्यतिथिः,https://raw.githubusercontent.com/karthikraman/panchangam/master/png/Chennai-5126/pathanam/078.png
"पञ्चाङ्ग-पठनम्",2024-07-01,03:00,2024-07-01,03:30,False,५१२६ क्रोधी-मिथुनम्-१७: अद्य पञ्चाङ्गं पठामः! #adyatithi #अद्यतिथिः,https://raw.githubusercontent.com/karthikraman/panchangam/master/png/Chennai-5126/pathanam/079.png
"पञ्चाङ्ग-पठनम्",2024-07-02,03:00,2024-07-02,03:30,False,५१२६ क्रोधी-मिथुनम्-१८: अद्य पञ्चाङ्गं पठामः! #adyatithi #अद्यतिथिः,https://raw.githubusercontent.com/karthikraman/panchangam/master/png/Chennai-5126/pathanam/080.png
"पञ्चाङ्ग-पठनम्",2024-07-03,03:00,2024-07-03,03:30,False,५१२६ क्रोधी-मिथुनम्-१९: अद्य पञ्चाङ्गं पठामः! #adyatithi #अद्यतिथिः,https://raw.githubusercontent.com/karthikraman/panchangam/master/png/Chennai-5126/pathanam/081.png
"पञ्चाङ्ग-पठनम्",2024-07-04,03:00,2024-07-04,03:30,False,५१२६ क्रोधी-मिथुनम्-२०: अद्य पञ्चाङ्गं पठामः! #adyatithi #अद्यतिथिः,https://raw.githubusercontent.com/karthikraman/panchangam/master/png/Chennai-5126/pathanam/082.png
"पञ्चाङ्ग-पठनम्",2024-07-05,03:00,2024-07-05,03:30,False,५१२६ क्रोधी-मिथुनम्-२१: अद्य पञ्चाङ्गं पठामः! #adyatithi #अद्यतिथिः,https://raw.githubusercontent.com/karthikraman/panchangam/master/png/Chennai-5126/pathanam/083.png
"पञ्चाङ्ग-पठनम्",2024-07-06,03:00,2024-07-06,03:30,False,५१२६ क्रोधी-मिथुनम्-२२: अद्य पञ्चाङ्गं पठामः! #adyatithi #अद्यतिथिः,https://raw.githubusercontent.com/karthikraman/panchangam/master/png/Chennai-5126/pathanam/084.png
"पञ्चाङ्ग-पठनम्",2024-07-07,03:00,2024-07-07,03:30,False,५१२६ क्रोधी-मिथुनम्-२३: अद्य पञ्चाङ्गं पठामः! #adyatithi #अद्यतिथिः,https://raw.githubusercontent.com/karthikraman/panchangam/master/png/Chennai-5126/pathanam/085.png
"पञ्चाङ्ग-पठनम्",2024-07-08,03:00,2024-07-08,03:30,False,५१२६ क्रोधी-मिथुनम्-२४: अद्य पञ्चाङ्गं पठामः! #adyatithi #अद्यतिथिः,https://raw.githubusercontent.com/karthikraman/panchangam/master/png/Chennai-5126/pathanam/086.png
"पञ्चाङ्ग-पठनम्",2024-07-09,03:00,2024-07-09,03:30,False,५१२६ क्रोधी-मिथुनम्-२५: अद्य पञ्चाङ्गं पठामः! #adyatithi #अद्यतिथिः,https://raw.githubusercontent.com/karthikraman/panchangam/master/png/Chennai-5126/pathanam/087.png
"पञ्चाङ्ग-पठनम्",2024-07-10,03:00,2024-07-10,03:30,False,५१२६ क्रोधी-मिथुनम्-२६: अद्य पञ्चाङ्गं पठामः! #adyatithi #अद्यतिथिः,https://raw.githubusercontent.com/karthikraman/panchangam/master/png/Chennai-5126/pathanam/088.png
"पञ्चाङ्ग-पठनम्",2024-07-11,03:00,2024-07-11,03:30,False,५१२६ क्रोधी-मिथुनम्-२७: अद्य पञ्चाङ्गं पठामः! #adyatithi #अद्यतिथिः,https://raw.githubusercontent.com/karthikraman/panchangam/master/png/Chennai-5126/pathanam/089.png
"पञ्चाङ्ग-पठनम्",2024-07-12,03:00,2024-07-12,03:30,False,५१२६ क्रोधी-मिथुनम्-२८: अद्य पञ्चाङ्गं पठामः! #adyatithi #अद्यतिथिः,https://raw.githubusercontent.com/karthikraman/panchangam/master/png/Chennai-5126/pathanam/090.png
"पञ्चाङ्ग-पठनम्",2024-07-13,03:00,2024-07-13,03:30,False,५१२६ क्रोधी-मिथुनम्-२९: अद्य पञ्चाङ्गं पठामः! #adyatithi #अद्यतिथिः,https://raw.githubusercontent.com/karthikraman/panchangam/master/png/Chennai-5126/pathanam/091.png
"पञ्चाङ्ग-पठनम्",2024-07-14,03:00,2024-07-14,03:30,False,५१२६ क्रोधी-मिथुनम्-३०: अद्य पञ्चाङ्गं पठामः! #adyatithi #अद्यतिथिः,https://raw.githubusercontent.com/karthikraman/panchangam/master/png/Chennai-5126/pathanam/092.png
"पञ्चाङ्ग-पठनम्",2024-07-15,03:00,2024-07-15,03:30,False,५१२६ क्रोधी-मिथुनम्-३१: अद्य पञ्चाङ्गं पठामः! #adyatithi #अद्यतिथिः,https://raw.githubusercontent.com/karthikraman/panchangam/master/png/Chennai-5126/pathanam/093.png
"पञ्चाङ्ग-पठनम्",2024-07-16,03:00,2024-07-16,03:30,False,५१२६ क्रोधी-कर्कटः-१: अद्य पञ्चाङ्गं पठामः! #adyatithi #अद्यतिथिः,https://raw.githubusercontent.com/karthikraman/panchangam/master/png/Chennai-5126/pathanam/094.png
"पञ्चाङ्ग-पठनम्",2024-07-17,03:00,2024-07-17,03:30,False,५१२६ क्रोधी-कर्कटः-२: अद्य पञ्चाङ्गं पठामः! #adyatithi #अद्यतिथिः,https://raw.githubusercontent.com/karthikraman/panchangam/master/png/Chennai-5126/pathanam/095.png
"पञ्चाङ्ग-पठनम्",2024-07-18,03:00,2024-07-18,03:30,False,५१२६ क्रोधी-कर्कटः-३: अद्य पञ्चाङ्गं पठामः! #adyatithi #अद्यतिथिः,https://raw.githubusercontent.com/karthikraman/panchangam/master/png/Chennai-5126/pathanam/096.png
"पञ्चाङ्ग-पठनम्",2024-07-19,03:00,2024-07-19,03:30,False,५१२६ क्रोधी-कर्कटः-४: अद्य पञ्चाङ्गं पठामः! #adyatithi #अद्यतिथिः,https://raw.githubusercontent.com/karthikraman/panchangam/master/png/Chennai-5126/pathanam/097.png
"पञ्चाङ्ग-पठनम्",2024-07-20,03:00,2024-07-20,03:30,False,५१२६ क्रोधी-कर्कटः-५: अद्य पञ्चाङ्गं पठामः! #adyatithi #अद्यतिथिः,https://raw.githubusercontent.com/karthikraman/panchangam/master/png/Chennai-5126/pathanam/098.png
"पञ्चाङ्ग-पठनम्",2024-07-21,03:00,2024-07-21,03:30,False,५१२६ क्रोधी-कर्कटः-६: अद्य पञ्चाङ्गं पठामः! #adyatithi #अद्यतिथिः,https://raw.githubusercontent.com/karthikraman/panchangam/master/png/Chennai-5126/pathanam/099.png
"पञ्चाङ्ग-पठनम्",2024-07-22,03:00,2024-07-22,03:30,False,५१२६ क्रोधी-कर्कटः-७: अद्य पञ्चाङ्गं पठामः! #adyatithi #अद्यतिथिः,https://raw.githubusercontent.com/karthikraman/panchangam/master/png/Chennai-5126/pathanam/100.png
"पञ्चाङ्ग-पठनम्",2024-07-23,03:00,2024-07-23,03:30,False,५१२६ क्रोधी-कर्कटः-८: अद्य पञ्चाङ्गं पठामः! #adyatithi #अद्यतिथिः,https://raw.githubusercontent.com/karthikraman/panchangam/master/png/Chennai-5126/pathanam/101.png
"पञ्चाङ्ग-पठनम्",2024-07-24,03:00,2024-07-24,03:30,False,५१२६ क्रोधी-कर्कटः-९: अद्य पञ्चाङ्गं पठामः! #adyatithi #अद्यतिथिः,https://raw.githubusercontent.com/karthikraman/panchangam/master/png/Chennai-5126/pathanam/102.png
"पञ्चाङ्ग-पठनम्",2024-07-25,03:00,2024-07-25,03:30,False,५१२६ क्रोधी-कर्कटः-१०: अद्य पञ्चाङ्गं पठामः! #adyatithi #अद्यतिथिः,https://raw.githubusercontent.com/karthikraman/panchangam/master/png/Chennai-5126/pathanam/103.png
"पञ्चाङ्ग-पठनम्",2024-07-26,03:00,2024-07-26,03:30,False,५१२६ क्रोधी-कर्कटः-११: अद्य पञ्चाङ्गं पठामः! #adyatithi #अद्यतिथिः,https://raw.githubusercontent.com/karthikraman/panchangam/master/png/Chennai-5126/pathanam/104.png
"पञ्चाङ्ग-पठनम्",2024-07-27,03:00,2024-07-27,03:30,False,५१२६ क्रोधी-कर्कटः-१२: अद्य पञ्चाङ्गं पठामः! #adyatithi #अद्यतिथिः,https://raw.githubusercontent.com/karthikraman/panchangam/master/png/Chennai-5126/pathanam/105.png
"पञ्चाङ्ग-पठनम्",2024-07-28,03:00,2024-07-28,03:30,False,५१२६ क्रोधी-कर्कटः-१३: अद्य पञ्चाङ्गं पठामः! #adyatithi #अद्यतिथिः,https://raw.githubusercontent.com/karthikraman/panchangam/master/png/Chennai-5126/pathanam/106.png
"पञ्चाङ्ग-पठनम्",2024-07-29,03:00,2024-07-29,03:30,False,५१२६ क्रोधी-कर्कटः-१४: अद्य पञ्चाङ्गं पठामः! #adyatithi #अद्यतिथिः,https://raw.githubusercontent.com/karthikraman/panchangam/master/png/Chennai-5126/pathanam/107.png
"पञ्चाङ्ग-पठनम्",2024-07-30,03:00,2024-07-30,03:30,False,५१२६ क्रोधी-कर्कटः-१५: अद्य पञ्चाङ्गं पठामः! #adyatithi #अद्यतिथिः,https://raw.githubusercontent.com/karthikraman/panchangam/master/png/Chennai-5126/pathanam/108.png
"पञ्चाङ्ग-पठनम्",2024-07-31,03:00,2024-07-31,03:30,False,५१२६ क्रोधी-कर्कटः-१६: अद्य पञ्चाङ्गं पठामः! #adyatithi #अद्यतिथिः,https://raw.githubusercontent.com/karthikraman/panchangam/master/png/Chennai-5126/pathanam/109.png
"पञ्चाङ्ग-पठनम्",2024-08-01,03:00,2024-08-01,03:30,False,५१२६ क्रोधी-कर्कटः-१७: अद्य पञ्चाङ्गं पठामः! #adyatithi #अद्यतिथिः,https://raw.githubusercontent.com/karthikraman/panchangam/master/png/Chennai-5126/pathanam/110.png
"पञ्चाङ्ग-पठनम्",2024-08-02,03:00,2024-08-02,03:30,False,५१२६ क्रोधी-कर्कटः-१८: अद्य पञ्चाङ्गं पठामः! #adyatithi #अद्यतिथिः,https://raw.githubusercontent.com/karthikraman/panchangam/master/png/Chennai-5126/pathanam/111.png
"पञ्चाङ्ग-पठनम्",2024-08-03,03:00,2024-08-03,03:30,False,५१२६ क्रोधी-कर्कटः-१९: अद्य पञ्चाङ्गं पठामः! #adyatithi #अद्यतिथिः,https://raw.githubusercontent.com/karthikraman/panchangam/master/png/Chennai-5126/pathanam/112.png
"पञ्चाङ्ग-पठनम्",2024-08-04,03:00,2024-08-04,03:30,False,५१२६ क्रोधी-कर्कटः-२०: अद्य पञ्चाङ्गं पठामः! #adyatithi #अद्यतिथिः,https://raw.githubusercontent.com/karthikraman/panchangam/master/png/Chennai-5126/pathanam/113.png
"पञ्चाङ्ग-पठनम्",2024-08-05,03:00,2024-08-05,03:30,False,५१२६ क्रोधी-कर्कटः-२१: अद्य पञ्चाङ्गं पठामः! #adyatithi #अद्यतिथिः,https://raw.githubusercontent.com/karthikraman/panchangam/master/png/Chennai-5126/pathanam/114.png
"पञ्चाङ्ग-पठनम्",2024-08-06,03:00,2024-08-06,03:30,False,५१२६ क्रोधी-कर्कटः-२२: अद्य पञ्चाङ्गं पठामः! #adyatithi #अद्यतिथिः,https://raw.githubusercontent.com/karthikraman/panchangam/master/png/Chennai-5126/pathanam/115.png
"पञ्चाङ्ग-पठनम्",2024-08-07,03:00,2024-08-07,03:30,False,५१२६ क्रोधी-कर्कटः-२३: अद्य पञ्चाङ्गं पठामः! #adyatithi #अद्यतिथिः,https://raw.githubusercontent.com/karthikraman/panchangam/master/png/Chennai-5126/pathanam/116.png
"पञ्चाङ्ग-पठनम्",2024-08-08,03:00,2024-08-08,03:30,False,५१२६ क्रोधी-कर्कटः-२४: अद्य पञ्चाङ्गं पठामः! #adyatithi #अद्यतिथिः,https://raw.githubusercontent.com/karthikraman/panchangam/master/png/Chennai-5126/pathanam/117.png
"पञ्चाङ्ग-पठनम्",2024-08-09,03:00,2024-08-09,03:30,False,५१२६ क्रोधी-कर्कटः-२५: अद्य पञ्चाङ्गं पठामः! #adyatithi #अद्यतिथिः,https://raw.githubusercontent.com/karthikraman/panchangam/master/png/Chennai-5126/pathanam/118.png
"पञ्चाङ्ग-पठनम्",2024-08-10,03:00,2024-08-10,03:30,False,५१२६ क्रोधी-कर्कटः-२६: अद्य पञ्चाङ्गं पठामः! #adyatithi #अद्यतिथिः,https://raw.githubusercontent.com/karthikraman/panchangam/master/png/Chennai-5126/pathanam/119.png
"पञ्चाङ्ग-पठनम्",2024-08-11,03:00,2024-08-11,03:30,False,५१२६ क्रोधी-कर्कटः-२७: अद्य पञ्चाङ्गं पठामः! #adyatithi #अद्यतिथिः,https://raw.githubusercontent.com/karthikraman/panchangam/master/png/Chennai-5126/pathanam/120.png
"पञ्चाङ्ग-पठनम्",2024-08-12,03:00,2024-08-12,03:30,False,५१२६ क्रोधी-कर्कटः-२८: अद्य पञ्चाङ्गं पठामः! #adyatithi #अद्यतिथिः,https://raw.githubusercontent.com/karthikraman/panchangam/master/png/Chennai-5126/pathanam/121.png
"पञ्चाङ्ग-पठनम्",2024-08-13,03:00,2024-08-13,03:30,False,५१२६ क्रोधी-कर्कटः-२९: अद्य पञ्चाङ्गं पठामः! #adyatithi #अद्यतिथिः,https://raw.githubusercontent.com/karthikraman/panchangam/master/png/Chennai-5126/pathanam/122.png
"पञ्चाङ्ग-पठनम्",2024-08-14,03:00,2024-08-14,03:30,False,५१२६ क्रोधी-कर्कटः-३०: अद्य पञ्चाङ्गं पठामः! #adyatithi #अद्यतिथिः,https://raw.githubusercontent.com/karthikraman/panchangam/master/png/Chennai-5126/pathanam/123.png
"पञ्चाङ्ग-पठनम्",2024-08-15,03:00,2024-08-15,03:30,False,५१२६ क्रोधी-कर्कटः-३१: अद्य पञ्चाङ्गं पठामः! #adyatithi #अद्यतिथिः,https://raw.githubusercontent.com/karthikraman/panchangam/master/png/Chennai-5126/pathanam/124.png
"पञ्चाङ्ग-पठनम्",2024-08-16,03:00,2024-08-16,03:30,False,५१२६ क्रोधी-कर्कटः-३२: अद्य पञ्चाङ्गं पठामः! #adyatithi #अद्यतिथिः,https://raw.githubusercontent.com/karthikraman/panchangam/master/png/Chennai-5126/pathanam/125.png
"पञ्चाङ्ग-पठनम्",2024-08-17,03:00,2024-08-17,03:30,False,५१२६ क्रोधी-सिंहः-१: अद्य पञ्चाङ्गं पठामः! #adyatithi #अद्यतिथिः,https://raw.githubusercontent.com/karthikraman/panchangam/master/png/Chennai-5126/pathanam/126.png
"पञ्चाङ्ग-पठनम्",2024-08-18,03:00,2024-08-18,03:30,False,५१२६ क्रोधी-सिंहः-२: अद्य पञ्चाङ्गं पठामः! #adyatithi #अद्यतिथिः,https://raw.githubusercontent.com/karthikraman/panchangam/master/png/Chennai-5126/pathanam/127.png
"पञ्चाङ्ग-पठनम्",2024-08-19,03:00,2024-08-19,03:30,False,५१२६ क्रोधी-सिंहः-३: अद्य पञ्चाङ्गं पठामः! #adyatithi #अद्यतिथिः,https://raw.githubusercontent.com/karthikraman/panchangam/master/png/Chennai-5126/pathanam/128.png
"पञ्चाङ्ग-पठनम्",2024-08-20,03:00,2024-08-20,03:30,False,५१२६ क्रोधी-सिंहः-४: अद्य पञ्चाङ्गं पठामः! #adyatithi #अद्यतिथिः,https://raw.githubusercontent.com/karthikraman/panchangam/master/png/Chennai-5126/pathanam/129.png
"पञ्चाङ्ग-पठनम्",2024-08-21,03:00,2024-08-21,03:30,False,५१२६ क्रोधी-सिंहः-५: अद्य पञ्चाङ्गं पठामः! #adyatithi #अद्यतिथिः,https://raw.githubusercontent.com/karthikraman/panchangam/master/png/Chennai-5126/pathanam/130.png
"पञ्चाङ्ग-पठनम्",2024-08-22,03:00,2024-08-22,03:30,False,५१२६ क्रोधी-सिंहः-६: अद्य पञ्चाङ्गं पठामः! #adyatithi #अद्यतिथिः,https://raw.githubusercontent.com/karthikraman/panchangam/master/png/Chennai-5126/pathanam/131.png
"पञ्चाङ्ग-पठनम्",2024-08-23,03:00,2024-08-23,03:30,False,५१२६ क्रोधी-सिंहः-७: अद्य पञ्चाङ्गं पठामः! #adyatithi #अद्यतिथिः,https://raw.githubusercontent.com/karthikraman/panchangam/master/png/Chennai-5126/pathanam/132.png
"पञ्चाङ्ग-पठनम्",2024-08-24,03:00,2024-08-24,03:30,False,५१२६ क्रोधी-सिंहः-८: अद्य पञ्चाङ्गं पठामः! #adyatithi #अद्यतिथिः,https://raw.githubusercontent.com/karthikraman/panchangam/master/png/Chennai-5126/pathanam/133.png
"पञ्चाङ्ग-पठनम्",2024-08-25,03:00,2024-08-25,03:30,False,५१२६ क्रोधी-सिंहः-९: अद्य पञ्चाङ्गं पठामः! #adyatithi #अद्यतिथिः,https://raw.githubusercontent.com/karthikraman/panchangam/master/png/Chennai-5126/pathanam/134.png
"पञ्चाङ्ग-पठनम्",2024-08-26,03:00,2024-08-26,03:30,False,५१२६ क्रोधी-सिंहः-१०: अद्य पञ्चाङ्गं पठामः! #adyatithi #अद्यतिथिः,https://raw.githubusercontent.com/karthikraman/panchangam/master/png/Chennai-5126/pathanam/135.png
"पञ्चाङ्ग-पठनम्",2024-08-27,03:00,2024-08-27,03:30,False,५१२६ क्रोधी-सिंहः-११: अद्य पञ्चाङ्गं पठामः! #adyatithi #अद्यतिथिः,https://raw.githubusercontent.com/karthikraman/panchangam/master/png/Chennai-5126/pathanam/136.png
"पञ्चाङ्ग-पठनम्",2024-08-28,03:00,2024-08-28,03:30,False,५१२६ क्रोधी-सिंहः-१२: अद्य पञ्चाङ्गं पठामः! #adyatithi #अद्यतिथिः,https://raw.githubusercontent.com/karthikraman/panchangam/master/png/Chennai-5126/pathanam/137.png
"पञ्चाङ्ग-पठनम्",2024-08-29,03:00,2024-08-29,03:30,False,५१२६ क्रोधी-सिंहः-१३: अद्य पञ्चाङ्गं पठामः! #adyatithi #अद्यतिथिः,https://raw.githubusercontent.com/karthikraman/panchangam/master/png/Chennai-5126/pathanam/138.png
"पञ्चाङ्ग-पठनम्",2024-08-30,03:00,2024-08-30,03:30,False,५१२६ क्रोधी-सिंहः-१४: अद्य पञ्चाङ्गं पठामः! #adyatithi #अद्यतिथिः,https://raw.githubusercontent.com/karthikraman/panchangam/master/png/Chennai-5126/pathanam/139.png
"पञ्चाङ्ग-पठनम्",2024-08-31,03:00,2024-08-31,03:30,False,५१२६ क्रोधी-सिंहः-१५: अद्य पञ्चाङ्गं पठामः! #adyatithi #अद्यतिथिः,https://raw.githubusercontent.com/karthikraman/panchangam/master/png/Chennai-5126/pathanam/140.png
"पञ्चाङ्ग-पठनम्",2024-09-01,03:00,2024-09-01,03:30,False,५१२६ क्रोधी-सिंहः-१६: अद्य पञ्चाङ्गं पठामः! #adyatithi #अद्यतिथिः,https://raw.githubusercontent.com/karthikraman/panchangam/master/png/Chennai-5126/pathanam/141.png
"पञ्चाङ्ग-पठनम्",2024-09-02,03:00,2024-09-02,03:30,False,५१२६ क्रोधी-सिंहः-१७: अद्य पञ्चाङ्गं पठामः! #adyatithi #अद्यतिथिः,https://raw.githubusercontent.com/karthikraman/panchangam/master/png/Chennai-5126/pathanam/142.png
"पञ्चाङ्ग-पठनम्",2024-09-03,03:00,2024-09-03,03:30,False,५१२६ क्रोधी-सिंहः-१८: अद्य पञ्चाङ्गं पठामः! #adyatithi #अद्यतिथिः,https://raw.githubusercontent.com/karthikraman/panchangam/master/png/Chennai-5126/pathanam/143.png
"पञ्चाङ्ग-पठनम्",2024-09-04,03:00,2024-09-04,03:30,False,५१२६ क्रोधी-सिंहः-१९: अद्य पञ्चाङ्गं पठामः! #adyatithi #अद्यतिथिः,https://raw.githubusercontent.com/karthikraman/panchangam/master/png/Chennai-5126/pathanam/144.png
"पञ्चाङ्ग-पठनम्",2024-09-05,03:00,2024-09-05,03:30,False,५१२६ क्रोधी-सिंहः-२०: अद्य पञ्चाङ्गं पठामः! #adyatithi #अद्यतिथिः,https://raw.githubusercontent.com/karthikraman/panchangam/master/png/Chennai-5126/pathanam/145.png
"पञ्चाङ्ग-पठनम्",2024-09-06,03:00,2024-09-06,03:30,False,५१२६ क्रोधी-सिंहः-२१: अद्य पञ्चाङ्गं पठामः! #adyatithi #अद्यतिथिः,https://raw.githubusercontent.com/karthikraman/panchangam/master/png/Chennai-5126/pathanam/146.png
"पञ्चाङ्ग-पठनम्",2024-09-07,03:00,2024-09-07,03:30,False,५१२६ क्रोधी-सिंहः-२२: अद्य पञ्चाङ्गं पठामः! #adyatithi #अद्यतिथिः,https://raw.githubusercontent.com/karthikraman/panchangam/master/png/Chennai-5126/pathanam/147.png
"पञ्चाङ्ग-पठनम्",2024-09-08,03:00,2024-09-08,03:30,False,५१२६ क्रोधी-सिंहः-२३: अद्य पञ्चाङ्गं पठामः! #adyatithi #अद्यतिथिः,https://raw.githubusercontent.com/karthikraman/panchangam/master/png/Chennai-5126/pathanam/148.png
"पञ्चाङ्ग-पठनम्",2024-09-09,03:00,2024-09-09,03:30,False,५१२६ क्रोधी-सिंहः-२४: अद्य पञ्चाङ्गं पठामः! #adyatithi #अद्यतिथिः,https://raw.githubusercontent.com/karthikraman/panchangam/master/png/Chennai-5126/pathanam/149.png
"पञ्चाङ्ग-पठनम्",2024-09-10,03:00,2024-09-10,03:30,False,५१२६ क्रोधी-सिंहः-२५: अद्य पञ्चाङ्गं पठामः! #adyatithi #अद्यतिथिः,https://raw.githubusercontent.com/karthikraman/panchangam/master/png/Chennai-5126/pathanam/150.png
"पञ्चाङ्ग-पठनम्",2024-09-11,03:00,2024-09-11,03:30,False,५१२६ क्रोधी-सिंहः-२६: अद्य पञ्चाङ्गं पठामः! #adyatithi #अद्यतिथिः,https://raw.githubusercontent.com/karthikraman/panchangam/master/png/Chennai-5126/pathanam/151.png
"पञ्चाङ्ग-पठनम्",2024-09-12,03:00,2024-09-12,03:30,False,५१२६ क्रोधी-सिंहः-२७: अद्य पञ्चाङ्गं पठामः! #adyatithi #अद्यतिथिः,https://raw.githubusercontent.com/karthikraman/panchangam/master/png/Chennai-5126/pathanam/152.png
"पञ्चाङ्ग-पठनम्",2024-09-13,03:00,2024-09-13,03:30,False,५१२६ क्रोधी-सिंहः-२८: अद्य पञ्चाङ्गं पठामः! #adyatithi #अद्यतिथिः,https://raw.githubusercontent.com/karthikraman/panchangam/master/png/Chennai-5126/pathanam/153.png
"पञ्चाङ्ग-पठनम्",2024-09-14,03:00,2024-09-14,03:30,False,५१२६ क्रोधी-सिंहः-२९: अद्य पञ्चाङ्गं पठामः! #adyatithi #अद्यतिथिः,https://raw.githubusercontent.com/karthikraman/panchangam/master/png/Chennai-5126/pathanam/154.png
"पञ्चाङ्ग-पठनम्",2024-09-15,03:00,2024-09-15,03:30,False,५१२६ क्रोधी-सिंहः-३०: अद्य पञ्चाङ्गं पठामः! #adyatithi #अद्यतिथिः,https://raw.githubusercontent.com/karthikraman/panchangam/master/png/Chennai-5126/pathanam/155.png
"पञ्चाङ्ग-पठनम्",2024-09-16,03:00,2024-09-16,03:30,False,५१२६ क्रोधी-सिंहः-३१: अद्य पञ्चाङ्गं पठामः! #adyatithi #अद्यतिथिः,https://raw.githubusercontent.com/karthikraman/panchangam/master/png/Chennai-5126/pathanam/156.png
"पञ्चाङ्ग-पठनम्",2024-09-17,03:00,2024-09-17,03:30,False,५१२६ क्रोधी-कन्या-१: अद्य पञ्चाङ्गं पठामः! #adyatithi #अद्यतिथिः,https://raw.githubusercontent.com/karthikraman/panchangam/master/png/Chennai-5126/pathanam/157.png
"पञ्चाङ्ग-पठनम्",2024-09-18,03:00,2024-09-18,03:30,False,५१२६ क्रोधी-कन्या-२: अद्य पञ्चाङ्गं पठामः! #adyatithi #अद्यतिथिः,https://raw.githubusercontent.com/karthikraman/panchangam/master/png/Chennai-5126/pathanam/158.png
"पञ्चाङ्ग-पठनम्",2024-09-19,03:00,2024-09-19,03:30,False,५१२६ क्रोधी-कन्या-३: अद्य पञ्चाङ्गं पठामः! #adyatithi #अद्यतिथिः,https://raw.githubusercontent.com/karthikraman/panchangam/master/png/Chennai-5126/pathanam/159.png
"पञ्चाङ्ग-पठनम्",2024-09-20,03:00,2024-09-20,03:30,False,५१२६ क्रोधी-कन्या-४: अद्य पञ्चाङ्गं पठामः! #adyatithi #अद्यतिथिः,https://raw.githubusercontent.com/karthikraman/panchangam/master/png/Chennai-5126/pathanam/160.png
"पञ्चाङ्ग-पठनम्",2024-09-21,03:00,2024-09-21,03:30,False,५१२६ क्रोधी-कन्या-५: अद्य पञ्चाङ्गं पठामः! #adyatithi #अद्यतिथिः,https://raw.githubusercontent.com/karthikraman/panchangam/master/png/Chennai-5126/pathanam/161.png
"पञ्चाङ्ग-पठनम्",2024-09-22,03:00,2024-09-22,03:30,False,५१२६ क्रोधी-कन्या-६: अद्य पञ्चाङ्गं पठामः! #adyatithi #अद्यतिथिः,https://raw.githubusercontent.com/karthikraman/panchangam/master/png/Chennai-5126/pathanam/162.png
"पञ्चाङ्ग-पठनम्",2024-09-23,03:00,2024-09-23,03:30,False,५१२६ क्रोधी-कन्या-७: अद्य पञ्चाङ्गं पठामः! #adyatithi #अद्यतिथिः,https://raw.githubusercontent.com/karthikraman/panchangam/master/png/Chennai-5126/pathanam/163.png
"पञ्चाङ्ग-पठनम्",2024-09-24,03:00,2024-09-24,03:30,False,५१२६ क्रोधी-कन्या-८: अद्य पञ्चाङ्गं पठामः! #adyatithi #अद्यतिथिः,https://raw.githubusercontent.com/karthikraman/panchangam/master/png/Chennai-5126/pathanam/164.png
"पञ्चाङ्ग-पठनम्",2024-09-25,03:00,2024-09-25,03:30,False,५१२६ क्रोधी-कन्या-९: अद्य पञ्चाङ्गं पठामः! #adyatithi #अद्यतिथिः,https://raw.githubusercontent.com/karthikraman/panchangam/master/png/Chennai-5126/pathanam/165.png
"पञ्चाङ्ग-पठनम्",2024-09-26,03:00,2024-09-26,03:30,False,५१२६ क्रोधी-कन्या-१०: अद्य पञ्चाङ्गं पठामः! #adyatithi #अद्यतिथिः,https://raw.githubusercontent.com/karthikraman/panchangam/master/png/Chennai-5126/pathanam/166.png
"पञ्चाङ्ग-पठनम्",2024-09-27,03:00,2024-09-27,03:30,False,५१२६ क्रोधी-कन्या-११: अद्य पञ्चाङ्गं पठामः! #adyatithi #अद्यतिथिः,https://raw.githubusercontent.com/karthikraman/panchangam/master/png/Chennai-5126/pathanam/167.png
"पञ्चाङ्ग-पठनम्",2024-09-28,03:00,2024-09-28,03:30,False,५१२६ क्रोधी-कन्या-१२: अद्य पञ्चाङ्गं पठामः! #adyatithi #अद्यतिथिः,https://raw.githubusercontent.com/karthikraman/panchangam/master/png/Chennai-5126/pathanam/168.png
"पञ्चाङ्ग-पठनम्",2024-09-29,03:00,2024-09-29,03:30,False,५१२६ क्रोधी-कन्या-१३: अद्य पञ्चाङ्गं पठामः! #adyatithi #अद्यतिथिः,https://raw.githubusercontent.com/karthikraman/panchangam/master/png/Chennai-5126/pathanam/169.png
"पञ्चाङ्ग-पठनम्",2024-09-30,03:00,2024-09-30,03:30,False,५१२६ क्रोधी-कन्या-१४: अद्य पञ्चाङ्गं पठामः! #adyatithi #अद्यतिथिः,https://raw.githubusercontent.com/karthikraman/panchangam/master/png/Chennai-5126/pathanam/170.png
"पञ्चाङ्ग-पठनम्",2024-10-01,03:00,2024-10-01,03:30,False,५१२६ क्रोधी-कन्या-१५: अद्य पञ्चाङ्गं पठामः! #adyatithi #अद्यतिथिः,https://raw.githubusercontent.com/karthikraman/panchangam/master/png/Chennai-5126/pathanam/171.png
"पञ्चाङ्ग-पठनम्",2024-10-02,03:00,2024-10-02,03:30,False,५१२६ क्रोधी-कन्या-१६: अद्य पञ्चाङ्गं पठामः! #adyatithi #अद्यतिथिः,https://raw.githubusercontent.com/karthikraman/panchangam/master/png/Chennai-5126/pathanam/172.png
"पञ्चाङ्ग-पठनम्",2024-10-03,03:00,2024-10-03,03:30,False,५१२६ क्रोधी-कन्या-१७: अद्य पञ्चाङ्गं पठामः! #adyatithi #अद्यतिथिः,https://raw.githubusercontent.com/karthikraman/panchangam/master/png/Chennai-5126/pathanam/173.png
"पञ्चाङ्ग-पठनम्",2024-10-04,03:00,2024-10-04,03:30,False,५१२६ क्रोधी-कन्या-१८: अद्य पञ्चाङ्गं पठामः! #adyatithi #अद्यतिथिः,https://raw.githubusercontent.com/karthikraman/panchangam/master/png/Chennai-5126/pathanam/174.png
"पञ्चाङ्ग-पठनम्",2024-10-05,03:00,2024-10-05,03:30,False,५१२६ क्रोधी-कन्या-१९: अद्य पञ्चाङ्गं पठामः! #adyatithi #अद्यतिथिः,https://raw.githubusercontent.com/karthikraman/panchangam/master/png/Chennai-5126/pathanam/175.png
"पञ्चाङ्ग-पठनम्",2024-10-06,03:00,2024-10-06,03:30,False,५१२६ क्रोधी-कन्या-२०: अद्य पञ्चाङ्गं पठामः! #adyatithi #अद्यतिथिः,https://raw.githubusercontent.com/karthikraman/panchangam/master/png/Chennai-5126/pathanam/176.png
"पञ्चाङ्ग-पठनम्",2024-10-07,03:00,2024-10-07,03:30,False,५१२६ क्रोधी-कन्या-२१: अद्य पञ्चाङ्गं पठामः! #adyatithi #अद्यतिथिः,https://raw.githubusercontent.com/karthikraman/panchangam/master/png/Chennai-5126/pathanam/177.png
"पञ्चाङ्ग-पठनम्",2024-10-08,03:00,2024-10-08,03:30,False,५१२६ क्रोधी-कन्या-२२: अद्य पञ्चाङ्गं पठामः! #adyatithi #अद्यतिथिः,https://raw.githubusercontent.com/karthikraman/panchangam/master/png/Chennai-5126/pathanam/178.png
"पञ्चाङ्ग-पठनम्",2024-10-09,03:00,2024-10-09,03:30,False,५१२६ क्रोधी-कन्या-२३: अद्य पञ्चाङ्गं पठामः! #adyatithi #अद्यतिथिः,https://raw.githubusercontent.com/karthikraman/panchangam/master/png/Chennai-5126/pathanam/179.png
"पञ्चाङ्ग-पठनम्",2024-10-10,03:00,2024-10-10,03:30,False,५१२६ क्रोधी-कन्या-२४: अद्य पञ्चाङ्गं पठामः! #adyatithi #अद्यतिथिः,https://raw.githubusercontent.com/karthikraman/panchangam/master/png/Chennai-5126/pathanam/180.png
"पञ्चाङ्ग-पठनम्",2024-10-11,03:00,2024-10-11,03:30,False,५१२६ क्रोधी-कन्या-२५: अद्य पञ्चाङ्गं पठामः! #adyatithi #अद्यतिथिः,https://raw.githubusercontent.com/karthikraman/panchangam/master/png/Chennai-5126/pathanam/181.png
"पञ्चाङ्ग-पठनम्",2024-10-12,03:00,2024-10-12,03:30,False,५१२६ क्रोधी-कन्या-२६: अद्य पञ्चाङ्गं पठामः! #adyatithi #अद्यतिथिः,https://raw.githubusercontent.com/karthikraman/panchangam/master/png/Chennai-5126/pathanam/182.png
"पञ्चाङ्ग-पठनम्",2024-10-13,03:00,2024-10-13,03:30,False,५१२६ क्रोधी-कन्या-२७: अद्य पञ्चाङ्गं पठामः! #adyatithi #अद्यतिथिः,https://raw.githubusercontent.com/karthikraman/panchangam/master/png/Chennai-5126/pathanam/183.png
"पञ्चाङ्ग-पठनम्",2024-10-14,03:00,2024-10-14,03:30,False,५१२६ क्रोधी-कन्या-२८: अद्य पञ्चाङ्गं पठामः! #adyatithi #अद्यतिथिः,https://raw.githubusercontent.com/karthikraman/panchangam/master/png/Chennai-5126/pathanam/184.png
"पञ्चाङ्ग-पठनम्",2024-10-15,03:00,2024-10-15,03:30,False,५१२६ क्रोधी-कन्या-२९: अद्य पञ्चाङ्गं पठामः! #adyatithi #अद्यतिथिः,https://raw.githubusercontent.com/karthikraman/panchangam/master/png/Chennai-5126/pathanam/185.png
"पञ्चाङ्ग-पठनम्",2024-10-16,03:00,2024-10-16,03:30,False,५१२६ क्रोधी-कन्या-३०: अद्य पञ्चाङ्गं पठामः! #adyatithi #अद्यतिथिः,https://raw.githubusercontent.com/karthikraman/panchangam/master/png/Chennai-5126/pathanam/186.png
"पञ्चाङ्ग-पठनम्",2024-10-17,03:00,2024-10-17,03:30,False,५१२६ क्रोधी-तुला-१: अद्य पञ्चाङ्गं पठामः! #adyatithi #अद्यतिथिः,https://raw.githubusercontent.com/karthikraman/panchangam/master/png/Chennai-5126/pathanam/187.png
"पञ्चाङ्ग-पठनम्",2024-10-18,03:00,2024-10-18,03:30,False,५१२६ क्रोधी-तुला-२: अद्य पञ्चाङ्गं पठामः! #adyatithi #अद्यतिथिः,https://raw.githubusercontent.com/karthikraman/panchangam/master/png/Chennai-5126/pathanam/188.png
"पञ्चाङ्ग-पठनम्",2024-10-19,03:00,2024-10-19,03:30,False,५१२६ क्रोधी-तुला-३: अद्य पञ्चाङ्गं पठामः! #adyatithi #अद्यतिथिः,https://raw.githubusercontent.com/karthikraman/panchangam/master/png/Chennai-5126/pathanam/189.png
"पञ्चाङ्ग-पठनम्",2024-10-20,03:00,2024-10-20,03:30,False,५१२६ क्रोधी-तुला-४: अद्य पञ्चाङ्गं पठामः! #adyatithi #अद्यतिथिः,https://raw.githubusercontent.com/karthikraman/panchangam/master/png/Chennai-5126/pathanam/190.png
"पञ्चाङ्ग-पठनम्",2024-10-21,03:00,2024-10-21,03:30,False,५१२६ क्रोधी-तुला-५: अद्य पञ्चाङ्गं पठामः! #adyatithi #अद्यतिथिः,https://raw.githubusercontent.com/karthikraman/panchangam/master/png/Chennai-5126/pathanam/191.png
"पञ्चाङ्ग-पठनम्",2024-10-22,03:00,2024-10-22,03:30,False,५१२६ क्रोधी-तुला-६: अद्य पञ्चाङ्गं पठामः! #adyatithi #अद्यतिथिः,https://raw.githubusercontent.com/karthikraman/panchangam/master/png/Chennai-5126/pathanam/192.png
"पञ्चाङ्ग-पठनम्",2024-10-23,03:00,2024-10-23,03:30,False,५१२६ क्रोधी-तुला-७: अद्य पञ्चाङ्गं पठामः! #adyatithi #अद्यतिथिः,https://raw.githubusercontent.com/karthikraman/panchangam/master/png/Chennai-5126/pathanam/193.png
"पञ्चाङ्ग-पठनम्",2024-10-24,03:00,2024-10-24,03:30,False,५१२६ क्रोधी-तुला-८: अद्य पञ्चाङ्गं पठामः! #adyatithi #अद्यतिथिः,https://raw.githubusercontent.com/karthikraman/panchangam/master/png/Chennai-5126/pathanam/194.png
"पञ्चाङ्ग-पठनम्",2024-10-25,03:00,2024-10-25,03:30,False,५१२६ क्रोधी-तुला-९: अद्य पञ्चाङ्गं पठामः! #adyatithi #अद्यतिथिः,https://raw.githubusercontent.com/karthikraman/panchangam/master/png/Chennai-5126/pathanam/195.png
"पञ्चाङ्ग-पठनम्",2024-10-26,03:00,2024-10-26,03:30,False,५१२६ क्रोधी-तुला-१०: अद्य पञ्चाङ्गं पठामः! #adyatithi #अद्यतिथिः,https://raw.githubusercontent.com/karthikraman/panchangam/master/png/Chennai-5126/pathanam/196.png
"पञ्चाङ्ग-पठनम्",2024-10-27,03:00,2024-10-27,03:30,False,५१२६ क्रोधी-तुला-११: अद्य पञ्चाङ्गं पठामः! #adyatithi #अद्यतिथिः,https://raw.githubusercontent.com/karthikraman/panchangam/master/png/Chennai-5126/pathanam/197.png
"पञ्चाङ्ग-पठनम्",2024-10-28,03:00,2024-10-28,03:30,False,५१२६ क्रोधी-तुला-१२: अद्य पञ्चाङ्गं पठामः! #adyatithi #अद्यतिथिः,https://raw.githubusercontent.com/karthikraman/panchangam/master/png/Chennai-5126/pathanam/198.png
"पञ्चाङ्ग-पठनम्",2024-10-29,03:00,2024-10-29,03:30,False,५१२६ क्रोधी-तुला-१३: अद्य पञ्चाङ्गं पठामः! #adyatithi #अद्यतिथिः,https://raw.githubusercontent.com/karthikraman/panchangam/master/png/Chennai-5126/pathanam/199.png
"पञ्चाङ्ग-पठनम्",2024-10-30,03:00,2024-10-30,03:30,False,५१२६ क्रोधी-तुला-१४: अद्य पञ्चाङ्गं पठामः! #adyatithi #अद्यतिथिः,https://raw.githubusercontent.com/karthikraman/panchangam/master/png/Chennai-5126/pathanam/200.png
"पञ्चाङ्ग-पठनम्",2024-10-31,03:00,2024-10-31,03:30,False,५१२६ क्रोधी-तुला-१५: अद्य पञ्चाङ्गं पठामः! #adyatithi #अद्यतिथिः,https://raw.githubusercontent.com/karthikraman/panchangam/master/png/Chennai-5126/pathanam/201.png
"पञ्चाङ्ग-पठनम्",2024-11-01,03:00,2024-11-01,03:30,False,५१२६ क्रोधी-तुला-१६: अद्य पञ्चाङ्गं पठामः! #adyatithi #अद्यतिथिः,https://raw.githubusercontent.com/karthikraman/panchangam/master/png/Chennai-5126/pathanam/202.png
"पञ्चाङ्ग-पठनम्",2024-11-02,03:00,2024-11-02,03:30,False,५१२६ क्रोधी-तुला-१७: अद्य पञ्चाङ्गं पठामः! #adyatithi #अद्यतिथिः,https://raw.githubusercontent.com/karthikraman/panchangam/master/png/Chennai-5126/pathanam/203.png
"पञ्चाङ्ग-पठनम्",2024-11-03,03:00,2024-11-03,03:30,False,५१२६ क्रोधी-तुला-१८: अद्य पञ्चाङ्गं पठामः! #adyatithi #अद्यतिथिः,https://raw.githubusercontent.com/karthikraman/panchangam/master/png/Chennai-5126/pathanam/204.png
"पञ्चाङ्ग-पठनम्",2024-11-04,03:00,2024-11-04,03:30,False,५१२६ क्रोधी-तुला-१९: अद्य पञ्चाङ्गं पठामः! #adyatithi #अद्यतिथिः,https://raw.githubusercontent.com/karthikraman/panchangam/master/png/Chennai-5126/pathanam/205.png
"पञ्चाङ्ग-पठनम्",2024-11-05,03:00,2024-11-05,03:30,False,५१२६ क्रोधी-तुला-२०: अद्य पञ्चाङ्गं पठामः! #adyatithi #अद्यतिथिः,https://raw.githubusercontent.com/karthikraman/panchangam/master/png/Chennai-5126/pathanam/206.png
"पञ्चाङ्ग-पठनम्",2024-11-06,03:00,2024-11-06,03:30,False,५१२६ क्रोधी-तुला-२१: अद्य पञ्चाङ्गं पठामः! #adyatithi #अद्यतिथिः,https://raw.githubusercontent.com/karthikraman/panchangam/master/png/Chennai-5126/pathanam/207.png
"पञ्चाङ्ग-पठनम्",2024-11-07,03:00,2024-11-07,03:30,False,५१२६ क्रोधी-तुला-२२: अद्य पञ्चाङ्गं पठामः! #adyatithi #अद्यतिथिः,https://raw.githubusercontent.com/karthikraman/panchangam/master/png/Chennai-5126/pathanam/208.png
"पञ्चाङ्ग-पठनम्",2024-11-08,03:00,2024-11-08,03:30,False,५१२६ क्रोधी-तुला-२३: अद्य पञ्चाङ्गं पठामः! #adyatithi #अद्यतिथिः,https://raw.githubusercontent.com/karthikraman/panchangam/master/png/Chennai-5126/pathanam/209.png
"पञ्चाङ्ग-पठनम्",2024-11-09,03:00,2024-11-09,03:30,False,५१२६ क्रोधी-तुला-२४: अद्य पञ्चाङ्गं पठामः! #adyatithi #अद्यतिथिः,https://raw.githubusercontent.com/karthikraman/panchangam/master/png/Chennai-5126/pathanam/210.png
"पञ्चाङ्ग-पठनम्",2024-11-10,03:00,2024-11-10,03:30,False,५१२६ क्रोधी-तुला-२५: अद्य पञ्चाङ्गं पठामः! #adyatithi #अद्यतिथिः,https://raw.githubusercontent.com/karthikraman/panchangam/master/png/Chennai-5126/pathanam/211.png
"पञ्चाङ्ग-पठनम्",2024-11-11,03:00,2024-11-11,03:30,False,५१२६ क्रोधी-तुला-२६: अद्य पञ्चाङ्गं पठामः! #adyatithi #अद्यतिथिः,https://raw.githubusercontent.com/karthikraman/panchangam/master/png/Chennai-5126/pathanam/212.png
"पञ्चाङ्ग-पठनम्",2024-11-12,03:00,2024-11-12,03:30,False,५१२६ क्रोधी-तुला-२७: अद्य पञ्चाङ्गं पठामः! #adyatithi #अद्यतिथिः,https://raw.githubusercontent.com/karthikraman/panchangam/master/png/Chennai-5126/pathanam/213.png
"पञ्चाङ्ग-पठनम्",2024-11-13,03:00,2024-11-13,03:30,False,५१२६ क्रोधी-तुला-२८: अद्य पञ्चाङ्गं पठामः! #adyatithi #अद्यतिथिः,https://raw.githubusercontent.com/karthikraman/panchangam/master/png/Chennai-5126/pathanam/214.png
"पञ्चाङ्ग-पठनम्",2024-11-14,03:00,2024-11-14,03:30,False,५१२६ क्रोधी-तुला-२९: अद्य पञ्चाङ्गं पठामः! #adyatithi #अद्यतिथिः,https://raw.githubusercontent.com/karthikraman/panchangam/master/png/Chennai-5126/pathanam/215.png
"पञ्चाङ्ग-पठनम्",2024-11-15,03:00,2024-11-15,03:30,False,५१२६ क्रोधी-तुला-३०: अद्य पञ्चाङ्गं पठामः! #adyatithi #अद्यतिथिः,https://raw.githubusercontent.com/karthikraman/panchangam/master/png/Chennai-5126/pathanam/216.png
"पञ्चाङ्ग-पठनम्",2024-11-16,03:00,2024-11-16,03:30,False,५१२६ क्रोधी-वृश्चिकः-१: अद्य पञ्चाङ्गं पठामः! #adyatithi #अद्यतिथिः,https://raw.githubusercontent.com/karthikraman/panchangam/master/png/Chennai-5126/pathanam/217.png
"पञ्चाङ्ग-पठनम्",2024-11-17,03:00,2024-11-17,03:30,False,५१२६ क्रोधी-वृश्चिकः-२: अद्य पञ्चाङ्गं पठामः! #adyatithi #अद्यतिथिः,https://raw.githubusercontent.com/karthikraman/panchangam/master/png/Chennai-5126/pathanam/218.png
"पञ्चाङ्ग-पठनम्",2024-11-18,03:00,2024-11-18,03:30,False,५१२६ क्रोधी-वृश्चिकः-३: अद्य पञ्चाङ्गं पठामः! #adyatithi #अद्यतिथिः,https://raw.githubusercontent.com/karthikraman/panchangam/master/png/Chennai-5126/pathanam/219.png
"पञ्चाङ्ग-पठनम्",2024-11-19,03:00,2024-11-19,03:30,False,५१२६ क्रोधी-वृश्चिकः-४: अद्य पञ्चाङ्गं पठामः! #adyatithi #अद्यतिथिः,https://raw.githubusercontent.com/karthikraman/panchangam/master/png/Chennai-5126/pathanam/220.png
"पञ्चाङ्ग-पठनम्",2024-11-20,03:00,2024-11-20,03:30,False,५१२६ क्रोधी-वृश्चिकः-५: अद्य पञ्चाङ्गं पठामः! #adyatithi #अद्यतिथिः,https://raw.githubusercontent.com/karthikraman/panchangam/master/png/Chennai-5126/pathanam/221.png
"पञ्चाङ्ग-पठनम्",2024-11-21,03:00,2024-11-21,03:30,False,५१२६ क्रोधी-वृश्चिकः-६: अद्य पञ्चाङ्गं पठामः! #adyatithi #अद्यतिथिः,https://raw.githubusercontent.com/karthikraman/panchangam/master/png/Chennai-5126/pathanam/222.png
"पञ्चाङ्ग-पठनम्",2024-11-22,03:00,2024-11-22,03:30,False,५१२६ क्रोधी-वृश्चिकः-७: अद्य पञ्चाङ्गं पठामः! #adyatithi #अद्यतिथिः,https://raw.githubusercontent.com/karthikraman/panchangam/master/png/Chennai-5126/pathanam/223.png
"पञ्चाङ्ग-पठनम्",2024-11-23,03:00,2024-11-23,03:30,False,५१२६ क्रोधी-वृश्चिकः-८: अद्य पञ्चाङ्गं पठामः! #adyatithi #अद्यतिथिः,https://raw.githubusercontent.com/karthikraman/panchangam/master/png/Chennai-5126/pathanam/224.png
"पञ्चाङ्ग-पठनम्",2024-11-24,03:00,2024-11-24,03:30,False,५१२६ क्रोधी-वृश्चिकः-९: अद्य पञ्चाङ्गं पठामः! #adyatithi #अद्यतिथिः,https://raw.githubusercontent.com/karthikraman/panchangam/master/png/Chennai-5126/pathanam/225.png
"पञ्चाङ्ग-पठनम्",2024-11-25,03:00,2024-11-25,03:30,False,५१२६ क्रोधी-वृश्चिकः-१०: अद्य पञ्चाङ्गं पठामः! #adyatithi #अद्यतिथिः,https://raw.githubusercontent.com/karthikraman/panchangam/master/png/Chennai-5126/pathanam/226.png
"पञ्चाङ्ग-पठनम्",2024-11-26,03:00,2024-11-26,03:30,False,५१२६ क्रोधी-वृश्चिकः-११: अद्य पञ्चाङ्गं पठामः! #adyatithi #अद्यतिथिः,https://raw.githubusercontent.com/karthikraman/panchangam/master/png/Chennai-5126/pathanam/227.png
"पञ्चाङ्ग-पठनम्",2024-11-27,03:00,2024-11-27,03:30,False,५१२६ क्रोधी-वृश्चिकः-१२: अद्य पञ्चाङ्गं पठामः! #adyatithi #अद्यतिथिः,https://raw.githubusercontent.com/karthikraman/panchangam/master/png/Chennai-5126/pathanam/228.png
"पञ्चाङ्ग-पठनम्",2024-11-28,03:00,2024-11-28,03:30,False,५१२६ क्रोधी-वृश्चिकः-१३: अद्य पञ्चाङ्गं पठामः! #adyatithi #अद्यतिथिः,https://raw.githubusercontent.com/karthikraman/panchangam/master/png/Chennai-5126/pathanam/229.png
"पञ्चाङ्ग-पठनम्",2024-11-29,03:00,2024-11-29,03:30,False,५१२६ क्रोधी-वृश्चिकः-१४: अद्य पञ्चाङ्गं पठामः! #adyatithi #अद्यतिथिः,https://raw.githubusercontent.com/karthikraman/panchangam/master/png/Chennai-5126/pathanam/230.png
"पञ्चाङ्ग-पठनम्",2024-11-30,03:00,2024-11-30,03:30,False,५१२६ क्रोधी-वृश्चिकः-१५: अद्य पञ्चाङ्गं पठामः! #adyatithi #अद्यतिथिः,https://raw.githubusercontent.com/karthikraman/panchangam/master/png/Chennai-5126/pathanam/231.png
"पञ्चाङ्ग-पठनम्",2024-12-01,03:00,2024-12-01,03:30,False,५१२६ क्रोधी-वृश्चिकः-१६: अद्य पञ्चाङ्गं पठामः! #adyatithi #अद्यतिथिः,https://raw.githubusercontent.com/karthikraman/panchangam/master/png/Chennai-5126/pathanam/232.png
"पञ्चाङ्ग-पठनम्",2024-12-02,03:00,2024-12-02,03:30,False,५१२६ क्रोधी-वृश्चिकः-१७: अद्य पञ्चाङ्गं पठामः! #adyatithi #अद्यतिथिः,https://raw.githubusercontent.com/karthikraman/panchangam/master/png/Chennai-5126/pathanam/233.png
"पञ्चाङ्ग-पठनम्",2024-12-03,03:00,2024-12-03,03:30,False,५१२६ क्रोधी-वृश्चिकः-१८: अद्य पञ्चाङ्गं पठामः! #adyatithi #अद्यतिथिः,https://raw.githubusercontent.com/karthikraman/panchangam/master/png/Chennai-5126/pathanam/234.png
"पञ्चाङ्ग-पठनम्",2024-12-04,03:00,2024-12-04,03:30,False,५१२६ क्रोधी-वृश्चिकः-१९: अद्य पञ्चाङ्गं पठामः! #adyatithi #अद्यतिथिः,https://raw.githubusercontent.com/karthikraman/panchangam/master/png/Chennai-5126/pathanam/235.png
"पञ्चाङ्ग-पठनम्",2024-12-05,03:00,2024-12-05,03:30,False,५१२६ क्रोधी-वृश्चिकः-२०: अद्य पञ्चाङ्गं पठामः! #adyatithi #अद्यतिथिः,https://raw.githubusercontent.com/karthikraman/panchangam/master/png/Chennai-5126/pathanam/236.png
"पञ्चाङ्ग-पठनम्",2024-12-06,03:00,2024-12-06,03:30,False,५१२६ क्रोधी-वृश्चिकः-२१: अद्य पञ्चाङ्गं पठामः! #adyatithi #अद्यतिथिः,https://raw.githubusercontent.com/karthikraman/panchangam/master/png/Chennai-5126/pathanam/237.png
"पञ्चाङ्ग-पठनम्",2024-12-07,03:00,2024-12-07,03:30,False,५१२६ क्रोधी-वृश्चिकः-२२: अद्य पञ्चाङ्गं पठामः! #adyatithi #अद्यतिथिः,https://raw.githubusercontent.com/karthikraman/panchangam/master/png/Chennai-5126/pathanam/238.png
"पञ्चाङ्ग-पठनम्",2024-12-08,03:00,2024-12-08,03:30,False,५१२६ क्रोधी-वृश्चिकः-२३: अद्य पञ्चाङ्गं पठामः! #adyatithi #अद्यतिथिः,https://raw.githubusercontent.com/karthikraman/panchangam/master/png/Chennai-5126/pathanam/239.png
"पञ्चाङ्ग-पठनम्",2024-12-09,03:00,2024-12-09,03:30,False,५१२६ क्रोधी-वृश्चिकः-२४: अद्य पञ्चाङ्गं पठामः! #adyatithi #अद्यतिथिः,https://raw.githubusercontent.com/karthikraman/panchangam/master/png/Chennai-5126/pathanam/240.png
"पञ्चाङ्ग-पठनम्",2024-12-10,03:00,2024-12-10,03:30,False,५१२६ क्रोधी-वृश्चिकः-२५: अद्य पञ्चाङ्गं पठामः! #adyatithi #अद्यतिथिः,https://raw.githubusercontent.com/karthikraman/panchangam/master/png/Chennai-5126/pathanam/241.png
"पञ्चाङ्ग-पठनम्",2024-12-11,03:00,2024-12-11,03:30,False,५१२६ क्रोधी-वृश्चिकः-२६: अद्य पञ्चाङ्गं पठामः! #adyatithi #अद्यतिथिः,https://raw.githubusercontent.com/karthikraman/panchangam/master/png/Chennai-5126/pathanam/242.png
"पञ्चाङ्ग-पठनम्",2024-12-12,03:00,2024-12-12,03:30,False,५१२६ क्रोधी-वृश्चिकः-२७: अद्य पञ्चाङ्गं पठामः! #adyatithi #अद्यतिथिः,https://raw.githubusercontent.com/karthikraman/panchangam/master/png/Chennai-5126/pathanam/243.png
"पञ्चाङ्ग-पठनम्",2024-12-13,03:00,2024-12-13,03:30,False,५१२६ क्रोधी-वृश्चिकः-२८: अद्य पञ्चाङ्गं पठामः! #adyatithi #अद्यतिथिः,https://raw.githubusercontent.com/karthikraman/panchangam/master/png/Chennai-5126/pathanam/244.png
"पञ्चाङ्ग-पठनम्",2024-12-14,03:00,2024-12-14,03:30,False,५१२६ क्रोधी-वृश्चिकः-२९: अद्य पञ्चाङ्गं पठामः! #adyatithi #अद्यतिथिः,https://raw.githubusercontent.com/karthikraman/panchangam/master/png/Chennai-5126/pathanam/245.png
"पञ्चाङ्ग-पठनम्",2024-12-15,03:00,2024-12-15,03:30,False,५१२६ क्रोधी-वृश्चिकः-३०: अद्य पञ्चाङ्गं पठामः! #adyatithi #अद्यतिथिः,https://raw.githubusercontent.com/karthikraman/panchangam/master/png/Chennai-5126/pathanam/246.png
"पञ्चाङ्ग-पठनम्",2024-12-16,03:00,2024-12-16,03:30,False,५१२६ क्रोधी-धनुः-१: अद्य पञ्चाङ्गं पठामः! #adyatithi #अद्यतिथिः,https://raw.githubusercontent.com/karthikraman/panchangam/master/png/Chennai-5126/pathanam/247.png
"पञ्चाङ्ग-पठनम्",2024-12-17,03:00,2024-12-17,03:30,False,५१२६ क्रोधी-धनुः-२: अद्य पञ्चाङ्गं पठामः! #adyatithi #अद्यतिथिः,https://raw.githubusercontent.com/karthikraman/panchangam/master/png/Chennai-5126/pathanam/248.png
"पञ्चाङ्ग-पठनम्",2024-12-18,03:00,2024-12-18,03:30,False,५१२६ क्रोधी-धनुः-३: अद्य पञ्चाङ्गं पठामः! #adyatithi #अद्यतिथिः,https://raw.githubusercontent.com/karthikraman/panchangam/master/png/Chennai-5126/pathanam/249.png
"पञ्चाङ्ग-पठनम्",2024-12-19,03:00,2024-12-19,03:30,False,५१२६ क्रोधी-धनुः-४: अद्य पञ्चाङ्गं पठामः! #adyatithi #अद्यतिथिः,https://raw.githubusercontent.com/karthikraman/panchangam/master/png/Chennai-5126/pathanam/250.png
"पञ्चाङ्ग-पठनम्",2024-12-20,03:00,2024-12-20,03:30,False,५१२६ क्रोधी-धनुः-५: अद्य पञ्चाङ्गं पठामः! #adyatithi #अद्यतिथिः,https://raw.githubusercontent.com/karthikraman/panchangam/master/png/Chennai-5126/pathanam/251.png
"पञ्चाङ्ग-पठनम्",2024-12-21,03:00,2024-12-21,03:30,False,५१२६ क्रोधी-धनुः-६: अद्य पञ्चाङ्गं पठामः! #adyatithi #अद्यतिथिः,https://raw.githubusercontent.com/karthikraman/panchangam/master/png/Chennai-5126/pathanam/252.png
"पञ्चाङ्ग-पठनम्",2024-12-22,03:00,2024-12-22,03:30,False,५१२६ क्रोधी-धनुः-७: अद्य पञ्चाङ्गं पठामः! #adyatithi #अद्यतिथिः,https://raw.githubusercontent.com/karthikraman/panchangam/master/png/Chennai-5126/pathanam/253.png
"पञ्चाङ्ग-पठनम्",2024-12-23,03:00,2024-12-23,03:30,False,५१२६ क्रोधी-धनुः-८: अद्य पञ्चाङ्गं पठामः! #adyatithi #अद्यतिथिः,https://raw.githubusercontent.com/karthikraman/panchangam/master/png/Chennai-5126/pathanam/254.png
"पञ्चाङ्ग-पठनम्",2024-12-24,03:00,2024-12-24,03:30,False,५१२६ क्रोधी-धनुः-९: अद्य पञ्चाङ्गं पठामः! #adyatithi #अद्यतिथिः,https://raw.githubusercontent.com/karthikraman/panchangam/master/png/Chennai-5126/pathanam/255.png
"पञ्चाङ्ग-पठनम्",2024-12-25,03:00,2024-12-25,03:30,False,५१२६ क्रोधी-धनुः-१०: अद्य पञ्चाङ्गं पठामः! #adyatithi #अद्यतिथिः,https://raw.githubusercontent.com/karthikraman/panchangam/master/png/Chennai-5126/pathanam/256.png
"पञ्चाङ्ग-पठनम्",2024-12-26,03:00,2024-12-26,03:30,False,५१२६ क्रोधी-धनुः-११: अद्य पञ्चाङ्गं पठामः! #adyatithi #अद्यतिथिः,https://raw.githubusercontent.com/karthikraman/panchangam/master/png/Chennai-5126/pathanam/257.png
"पञ्चाङ्ग-पठनम्",2024-12-27,03:00,2024-12-27,03:30,False,५१२६ क्रोधी-धनुः-१२: अद्य पञ्चाङ्गं पठामः! #adyatithi #अद्यतिथिः,https://raw.githubusercontent.com/karthikraman/panchangam/master/png/Chennai-5126/pathanam/258.png
"पञ्चाङ्ग-पठनम्",2024-12-28,03:00,2024-12-28,03:30,False,५१२६ क्रोधी-धनुः-१३: अद्य पञ्चाङ्गं पठामः! #adyatithi #अद्यतिथिः,https://raw.githubusercontent.com/karthikraman/panchangam/master/png/Chennai-5126/pathanam/259.png
"पञ्चाङ्ग-पठनम्",2024-12-29,03:00,2024-12-29,03:30,False,५१२६ क्रोधी-धनुः-१४: अद्य पञ्चाङ्गं पठामः! #adyatithi #अद्यतिथिः,https://raw.githubusercontent.com/karthikraman/panchangam/master/png/Chennai-5126/pathanam/260.png
"पञ्चाङ्ग-पठनम्",2024-12-30,03:00,2024-12-30,03:30,False,५१२६ क्रोधी-धनुः-१५: अद्य पञ्चाङ्गं पठामः! #adyatithi #अद्यतिथिः,https://raw.githubusercontent.com/karthikraman/panchangam/master/png/Chennai-5126/pathanam/261.png
"पञ्चाङ्ग-पठनम्",2024-12-31,03:00,2024-12-31,03:30,False,५१२६ क्रोधी-धनुः-१६: अद्य पञ्चाङ्गं पठामः! #adyatithi #अद्यतिथिः,https://raw.githubusercontent.com/karthikraman/panchangam/master/png/Chennai-5126/pathanam/262.png
"पञ्चाङ्ग-पठनम्",2025-01-01,03:00,2025-01-01,03:30,False,५१२६ क्रोधी-धनुः-१७: अद्य पञ्चाङ्गं पठामः! #adyatithi #अद्यतिथिः,https://raw.githubusercontent.com/karthikraman/panchangam/master/png/Chennai-5126/pathanam/263.png
"पञ्चाङ्ग-पठनम्",2025-01-02,03:00,2025-01-02,03:30,False,५१२६ क्रोधी-धनुः-१८: अद्य पञ्चाङ्गं पठामः! #adyatithi #अद्यतिथिः,https://raw.githubusercontent.com/karthikraman/panchangam/master/png/Chennai-5126/pathanam/264.png
"पञ्चाङ्ग-पठनम्",2025-01-03,03:00,2025-01-03,03:30,False,५१२६ क्रोधी-धनुः-१९: अद्य पञ्चाङ्गं पठामः! #adyatithi #अद्यतिथिः,https://raw.githubusercontent.com/karthikraman/panchangam/master/png/Chennai-5126/pathanam/265.png
"पञ्चाङ्ग-पठनम्",2025-01-04,03:00,2025-01-04,03:30,False,५१२६ क्रोधी-धनुः-२०: अद्य पञ्चाङ्गं पठामः! #adyatithi #अद्यतिथिः,https://raw.githubusercontent.com/karthikraman/panchangam/master/png/Chennai-5126/pathanam/266.png
"पञ्चाङ्ग-पठनम्",2025-01-05,03:00,2025-01-05,03:30,False,५१२६ क्रोधी-धनुः-२१: अद्य पञ्चाङ्गं पठामः! #adyatithi #अद्यतिथिः,https://raw.githubusercontent.com/karthikraman/panchangam/master/png/Chennai-5126/pathanam/267.png
"पञ्चाङ्ग-पठनम्",2025-01-06,03:00,2025-01-06,03:30,False,५१२६ क्रोधी-धनुः-२२: अद्य पञ्चाङ्गं पठामः! #adyatithi #अद्यतिथिः,https://raw.githubusercontent.com/karthikraman/panchangam/master/png/Chennai-5126/pathanam/268.png
"पञ्चाङ्ग-पठनम्",2025-01-07,03:00,2025-01-07,03:30,False,५१२६ क्रोधी-धनुः-२३: अद्य पञ्चाङ्गं पठामः! #adyatithi #अद्यतिथिः,https://raw.githubusercontent.com/karthikraman/panchangam/master/png/Chennai-5126/pathanam/269.png
"पञ्चाङ्ग-पठनम्",2025-01-08,03:00,2025-01-08,03:30,False,५१२६ क्रोधी-धनुः-२४: अद्य पञ्चाङ्गं पठामः! #adyatithi #अद्यतिथिः,https://raw.githubusercontent.com/karthikraman/panchangam/master/png/Chennai-5126/pathanam/270.png
"पञ्चाङ्ग-पठनम्",2025-01-09,03:00,2025-01-09,03:30,False,५१२६ क्रोधी-धनुः-२५: अद्य पञ्चाङ्गं पठामः! #adyatithi #अद्यतिथिः,https://raw.githubusercontent.com/karthikraman/panchangam/master/png/Chennai-5126/pathanam/271.png
"पञ्चाङ्ग-पठनम्",2025-01-10,03:00,2025-01-10,03:30,False,५१२६ क्रोधी-धनुः-२६: अद्य पञ्चाङ्गं पठामः! #adyatithi #अद्यतिथिः,https://raw.githubusercontent.com/karthikraman/panchangam/master/png/Chennai-5126/pathanam/272.png
"पञ्चाङ्ग-पठनम्",2025-01-11,03:00,2025-01-11,03:30,False,५१२६ क्रोधी-धनुः-२७: अद्य पञ्चाङ्गं पठामः! #adyatithi #अद्यतिथिः,https://raw.githubusercontent.com/karthikraman/panchangam/master/png/Chennai-5126/pathanam/273.png
"पञ्चाङ्ग-पठनम्",2025-01-12,03:00,2025-01-12,03:30,False,५१२६ क्रोधी-धनुः-२८: अद्य पञ्चाङ्गं पठामः! #adyatithi #अद्यतिथिः,https://raw.githubusercontent.com/karthikraman/panchangam/master/png/Chennai-5126/pathanam/274.png
"पञ्चाङ्ग-पठनम्",2025-01-13,03:00,2025-01-13,03:30,False,५१२६ क्रोधी-धनुः-२९: अद्य पञ्चाङ्गं पठामः! #adyatithi #अद्यतिथिः,https://raw.githubusercontent.com/karthikraman/panchangam/master/png/Chennai-5126/pathanam/275.png
"पञ्चाङ्ग-पठनम्",2025-01-14,03:00,2025-01-14,03:30,False,५१२६ क्रोधी-मकरः-१: अद्य पञ्चाङ्गं पठामः! #adyatithi #अद्यतिथिः,https://raw.githubusercontent.com/karthikraman/panchangam/master/png/Chennai-5126/pathanam/276.png
"पञ्चाङ्ग-पठनम्",2025-01-15,03:00,2025-01-15,03:30,False,५१२६ क्रोधी-मकरः-२: अद्य पञ्चाङ्गं पठामः! #adyatithi #अद्यतिथिः,https://raw.githubusercontent.com/karthikraman/panchangam/master/png/Chennai-5126/pathanam/277.png
"पञ्चाङ्ग-पठनम्",2025-01-16,03:00,2025-01-16,03:30,False,५१२६ क्रोधी-मकरः-३: अद्य पञ्चाङ्गं पठामः! #adyatithi #अद्यतिथिः,https://raw.githubusercontent.com/karthikraman/panchangam/master/png/Chennai-5126/pathanam/278.png
"पञ्चाङ्ग-पठनम्",2025-01-17,03:00,2025-01-17,03:30,False,५१२६ क्रोधी-मकरः-४: अद्य पञ्चाङ्गं पठामः! #adyatithi #अद्यतिथिः,https://raw.githubusercontent.com/karthikraman/panchangam/master/png/Chennai-5126/pathanam/279.png
"पञ्चाङ्ग-पठनम्",2025-01-18,03:00,2025-01-18,03:30,False,५१२६ क्रोधी-मकरः-५: अद्य पञ्चाङ्गं पठामः! #adyatithi #अद्यतिथिः,https://raw.githubusercontent.com/karthikraman/panchangam/master/png/Chennai-5126/pathanam/280.png
"पञ्चाङ्ग-पठनम्",2025-01-19,03:00,2025-01-19,03:30,False,५१२६ क्रोधी-मकरः-६: अद्य पञ्चाङ्गं पठामः! #adyatithi #अद्यतिथिः,https://raw.githubusercontent.com/karthikraman/panchangam/master/png/Chennai-5126/pathanam/281.png
"पञ्चाङ्ग-पठनम्",2025-01-20,03:00,2025-01-20,03:30,False,५१२६ क्रोधी-मकरः-७: अद्य पञ्चाङ्गं पठामः! #adyatithi #अद्यतिथिः,https://raw.githubusercontent.com/karthikraman/panchangam/master/png/Chennai-5126/pathanam/282.png
"पञ्चाङ्ग-पठनम्",2025-01-21,03:00,2025-01-21,03:30,False,५१२६ क्रोधी-मकरः-८: अद्य पञ्चाङ्गं पठामः! #adyatithi #अद्यतिथिः,https://raw.githubusercontent.com/karthikraman/panchangam/master/png/Chennai-5126/pathanam/283.png
"पञ्चाङ्ग-पठनम्",2025-01-22,03:00,2025-01-22,03:30,False,५१२६ क्रोधी-मकरः-९: अद्य पञ्चाङ्गं पठामः! #adyatithi #अद्यतिथिः,https://raw.githubusercontent.com/karthikraman/panchangam/master/png/Chennai-5126/pathanam/284.png
"पञ्चाङ्ग-पठनम्",2025-01-23,03:00,2025-01-23,03:30,False,५१२६ क्रोधी-मकरः-१०: अद्य पञ्चाङ्गं पठामः! #adyatithi #अद्यतिथिः,https://raw.githubusercontent.com/karthikraman/panchangam/master/png/Chennai-5126/pathanam/285.png
"पञ्चाङ्ग-पठनम्",2025-01-24,03:00,2025-01-24,03:30,False,५१२६ क्रोधी-मकरः-११: अद्य पञ्चाङ्गं पठामः! #adyatithi #अद्यतिथिः,https://raw.githubusercontent.com/karthikraman/panchangam/master/png/Chennai-5126/pathanam/286.png
"पञ्चाङ्ग-पठनम्",2025-01-25,03:00,2025-01-25,03:30,False,५१२६ क्रोधी-मकरः-१२: अद्य पञ्चाङ्गं पठामः! #adyatithi #अद्यतिथिः,https://raw.githubusercontent.com/karthikraman/panchangam/master/png/Chennai-5126/pathanam/287.png
"पञ्चाङ्ग-पठनम्",2025-01-26,03:00,2025-01-26,03:30,False,५१२६ क्रोधी-मकरः-१३: अद्य पञ्चाङ्गं पठामः! #adyatithi #अद्यतिथिः,https://raw.githubusercontent.com/karthikraman/panchangam/master/png/Chennai-5126/pathanam/288.png
"पञ्चाङ्ग-पठनम्",2025-01-27,03:00,2025-01-27,03:30,False,५१२६ क्रोधी-मकरः-१४: अद्य पञ्चाङ्गं पठामः! #adyatithi #अद्यतिथिः,https://raw.githubusercontent.com/karthikraman/panchangam/master/png/Chennai-5126/pathanam/289.png
"पञ्चाङ्ग-पठनम्",2025-01-28,03:00,2025-01-28,03:30,False,५१२६ क्रोधी-मकरः-१५: अद्य पञ्चाङ्गं पठामः! #adyatithi #अद्यतिथिः,https://raw.githubusercontent.com/karthikraman/panchangam/master/png/Chennai-5126/pathanam/290.png
"पञ्चाङ्ग-पठनम्",2025-01-29,03:00,2025-01-29,03:30,False,५१२६ क्रोधी-मकरः-१६: अद्य पञ्चाङ्गं पठामः! #adyatithi #अद्यतिथिः,https://raw.githubusercontent.com/karthikraman/panchangam/master/png/Chennai-5126/pathanam/291.png
"पञ्चाङ्ग-पठनम्",2025-01-30,03:00,2025-01-30,03:30,False,५१२६ क्रोधी-मकरः-१७: अद्य पञ्चाङ्गं पठामः! #adyatithi #अद्यतिथिः,https://raw.githubusercontent.com/karthikraman/panchangam/master/png/Chennai-5126/pathanam/292.png
"पञ्चाङ्ग-पठनम्",2025-01-31,03:00,2025-01-31,03:30,False,५१२६ क्रोधी-मकरः-१८: अद्य पञ्चाङ्गं पठामः! #adyatithi #अद्यतिथिः,https://raw.githubusercontent.com/karthikraman/panchangam/master/png/Chennai-5126/pathanam/293.png
"पञ्चाङ्ग-पठनम्",2025-02-01,03:00,2025-02-01,03:30,False,५१२६ क्रोधी-मकरः-१९: अद्य पञ्चाङ्गं पठामः! #adyatithi #अद्यतिथिः,https://raw.githubusercontent.com/karthikraman/panchangam/master/png/Chennai-5126/pathanam/294.png
"पञ्चाङ्ग-पठनम्",2025-02-02,03:00,2025-02-02,03:30,False,५१२६ क्रोधी-मकरः-२०: अद्य पञ्चाङ्गं पठामः! #adyatithi #अद्यतिथिः,https://raw.githubusercontent.com/karthikraman/panchangam/master/png/Chennai-5126/pathanam/295.png
"पञ्चाङ्ग-पठनम्",2025-02-03,03:00,2025-02-03,03:30,False,५१२६ क्रोधी-मकरः-२१: अद्य पञ्चाङ्गं पठामः! #adyatithi #अद्यतिथिः,https://raw.githubusercontent.com/karthikraman/panchangam/master/png/Chennai-5126/pathanam/296.png
"पञ्चाङ्ग-पठनम्",2025-02-04,03:00,2025-02-04,03:30,False,५१२६ क्रोधी-मकरः-२२: अद्य पञ्चाङ्गं पठामः! #adyatithi #अद्यतिथिः,https://raw.githubusercontent.com/karthikraman/panchangam/master/png/Chennai-5126/pathanam/297.png
"पञ्चाङ्ग-पठनम्",2025-02-05,03:00,2025-02-05,03:30,False,५१२६ क्रोधी-मकरः-२३: अद्य पञ्चाङ्गं पठामः! #adyatithi #अद्यतिथिः,https://raw.githubusercontent.com/karthikraman/panchangam/master/png/Chennai-5126/pathanam/298.png
"पञ्चाङ्ग-पठनम्",2025-02-06,03:00,2025-02-06,03:30,False,५१२६ क्रोधी-मकरः-२४: अद्य पञ्चाङ्गं पठामः! #adyatithi #अद्यतिथिः,https://raw.githubusercontent.com/karthikraman/panchangam/master/png/Chennai-5126/pathanam/299.png
"पञ्चाङ्ग-पठनम्",2025-02-07,03:00,2025-02-07,03:30,False,५१२६ क्रोधी-मकरः-२५: अद्य पञ्चाङ्गं पठामः! #adyatithi #अद्यतिथिः,https://raw.githubusercontent.com/karthikraman/panchangam/master/png/Chennai-5126/pathanam/300.png
"पञ्चाङ्ग-पठनम्",2025-02-08,03:00,2025-02-08,03:30,False,५१२६ क्रोधी-मकरः-२६: अद्य पञ्चाङ्गं पठामः! #adyatithi #अद्यतिथिः,https://raw.githubusercontent.com/karthikraman/panchangam/master/png/Chennai-5126/pathanam/301.png
"पञ्चाङ्ग-पठनम्",2025-02-09,03:00,2025-02-09,03:30,False,५१२६ क्रोधी-मकरः-२७: अद्य पञ्चाङ्गं पठामः! #adyatithi #अद्यतिथिः,https://raw.githubusercontent.com/karthikraman/panchangam/master/png/Chennai-5126/pathanam/302.png
"पञ्चाङ्ग-पठनम्",2025-02-10,03:00,2025-02-10,03:30,False,५१२६ क्रोधी-मकरः-२८: अद्य पञ्चाङ्गं पठामः! #adyatithi #अद्यतिथिः,https://raw.githubusercontent.com/karthikraman/panchangam/master/png/Chennai-5126/pathanam/303.png
"पञ्चाङ्ग-पठनम्",2025-02-11,03:00,2025-02-11,03:30,False,५१२६ क्रोधी-मकरः-२९: अद्य पञ्चाङ्गं पठामः! #adyatithi #अद्यतिथिः,https://raw.githubusercontent.com/karthikraman/panchangam/master/png/Chennai-5126/pathanam/304.png
"पञ्चाङ्ग-पठनम्",2025-02-12,03:00,2025-02-12,03:30,False,५१२६ क्रोधी-मकरः-३०: अद्य पञ्चाङ्गं पठामः! #adyatithi #अद्यतिथिः,https://raw.githubusercontent.com/karthikraman/panchangam/master/png/Chennai-5126/pathanam/305.png
"पञ्चाङ्ग-पठनम्",2025-02-13,03:00,2025-02-13,03:30,False,५१२६ क्रोधी-कुम्भः-१: अद्य पञ्चाङ्गं पठामः! #adyatithi #अद्यतिथिः,https://raw.githubusercontent.com/karthikraman/panchangam/master/png/Chennai-5126/pathanam/306.png
"पञ्चाङ्ग-पठनम्",2025-02-14,03:00,2025-02-14,03:30,False,५१२६ क्रोधी-कुम्भः-२: अद्य पञ्चाङ्गं पठामः! #adyatithi #अद्यतिथिः,https://raw.githubusercontent.com/karthikraman/panchangam/master/png/Chennai-5126/pathanam/307.png
"पञ्चाङ्ग-पठनम्",2025-02-15,03:00,2025-02-15,03:30,False,५१२६ क्रोधी-कुम्भः-३: अद्य पञ्चाङ्गं पठामः! #adyatithi #अद्यतिथिः,https://raw.githubusercontent.com/karthikraman/panchangam/master/png/Chennai-5126/pathanam/308.png
"पञ्चाङ्ग-पठनम्",2025-02-16,03:00,2025-02-16,03:30,False,५१२६ क्रोधी-कुम्भः-४: अद्य पञ्चाङ्गं पठामः! #adyatithi #अद्यतिथिः,https://raw.githubusercontent.com/karthikraman/panchangam/master/png/Chennai-5126/pathanam/309.png
"पञ्चाङ्ग-पठनम्",2025-02-17,03:00,2025-02-17,03:30,False,५१२६ क्रोधी-कुम्भः-५: अद्य पञ्चाङ्गं पठामः! #adyatithi #अद्यतिथिः,https://raw.githubusercontent.com/karthikraman/panchangam/master/png/Chennai-5126/pathanam/310.png
"पञ्चाङ्ग-पठनम्",2025-02-18,03:00,2025-02-18,03:30,False,५१२६ क्रोधी-कुम्भः-६: अद्य पञ्चाङ्गं पठामः! #adyatithi #अद्यतिथिः,https://raw.githubusercontent.com/karthikraman/panchangam/master/png/Chennai-5126/pathanam/311.png
"पञ्चाङ्ग-पठनम्",2025-02-19,03:00,2025-02-19,03:30,False,५१२६ क्रोधी-कुम्भः-७: अद्य पञ्चाङ्गं पठामः! #adyatithi #अद्यतिथिः,https://raw.githubusercontent.com/karthikraman/panchangam/master/png/Chennai-5126/pathanam/312.png
"पञ्चाङ्ग-पठनम्",2025-02-20,03:00,2025-02-20,03:30,False,५१२६ क्रोधी-कुम्भः-८: अद्य पञ्चाङ्गं पठामः! #adyatithi #अद्यतिथिः,https://raw.githubusercontent.com/karthikraman/panchangam/master/png/Chennai-5126/pathanam/313.png
"पञ्चाङ्ग-पठनम्",2025-02-21,03:00,2025-02-21,03:30,False,५१२६ क्रोधी-कुम्भः-९: अद्य पञ्चाङ्गं पठामः! #adyatithi #अद्यतिथिः,https://raw.githubusercontent.com/karthikraman/panchangam/master/png/Chennai-5126/pathanam/314.png
"पञ्चाङ्ग-पठनम्",2025-02-22,03:00,2025-02-22,03:30,False,५१२६ क्रोधी-कुम्भः-१०: अद्य पञ्चाङ्गं पठामः! #adyatithi #अद्यतिथिः,https://raw.githubusercontent.com/karthikraman/panchangam/master/png/Chennai-5126/pathanam/315.png
"पञ्चाङ्ग-पठनम्",2025-02-23,03:00,2025-02-23,03:30,False,५१२६ क्रोधी-कुम्भः-११: अद्य पञ्चाङ्गं पठामः! #adyatithi #अद्यतिथिः,https://raw.githubusercontent.com/karthikraman/panchangam/master/png/Chennai-5126/pathanam/316.png
"पञ्चाङ्ग-पठनम्",2025-02-24,03:00,2025-02-24,03:30,False,५१२६ क्रोधी-कुम्भः-१२: अद्य पञ्चाङ्गं पठामः! #adyatithi #अद्यतिथिः,https://raw.githubusercontent.com/karthikraman/panchangam/master/png/Chennai-5126/pathanam/317.png
"पञ्चाङ्ग-पठनम्",2025-02-25,03:00,2025-02-25,03:30,False,५१२६ क्रोधी-कुम्भः-१३: अद्य पञ्चाङ्गं पठामः! #adyatithi #अद्यतिथिः,https://raw.githubusercontent.com/karthikraman/panchangam/master/png/Chennai-5126/pathanam/318.png
"पञ्चाङ्ग-पठनम्",2025-02-26,03:00,2025-02-26,03:30,False,५१२६ क्रोधी-कुम्भः-१४: अद्य पञ्चाङ्गं पठामः! #adyatithi #अद्यतिथिः,https://raw.githubusercontent.com/karthikraman/panchangam/master/png/Chennai-5126/pathanam/319.png
"पञ्चाङ्ग-पठनम्",2025-02-27,03:00,2025-02-27,03:30,False,५१२६ क्रोधी-कुम्भः-१५: अद्य पञ्चाङ्गं पठामः! #adyatithi #अद्यतिथिः,https://raw.githubusercontent.com/karthikraman/panchangam/master/png/Chennai-5126/pathanam/320.png
"पञ्चाङ्ग-पठनम्",2025-02-28,03:00,2025-02-28,03:30,False,५१२६ क्रोधी-कुम्भः-१६: अद्य पञ्चाङ्गं पठामः! #adyatithi #अद्यतिथिः,https://raw.githubusercontent.com/karthikraman/panchangam/master/png/Chennai-5126/pathanam/321.png
"पञ्चाङ्ग-पठनम्",2025-03-01,03:00,2025-03-01,03:30,False,५१२६ क्रोधी-कुम्भः-१७: अद्य पञ्चाङ्गं पठामः! #adyatithi #अद्यतिथिः,https://raw.githubusercontent.com/karthikraman/panchangam/master/png/Chennai-5126/pathanam/322.png
"पञ्चाङ्ग-पठनम्",2025-03-02,03:00,2025-03-02,03:30,False,५१२६ क्रोधी-कुम्भः-१८: अद्य पञ्चाङ्गं पठामः! #adyatithi #अद्यतिथिः,https://raw.githubusercontent.com/karthikraman/panchangam/master/png/Chennai-5126/pathanam/323.png
"पञ्चाङ्ग-पठनम्",2025-03-03,03:00,2025-03-03,03:30,False,५१२६ क्रोधी-कुम्भः-१९: अद्य पञ्चाङ्गं पठामः! #adyatithi #अद्यतिथिः,https://raw.githubusercontent.com/karthikraman/panchangam/master/png/Chennai-5126/pathanam/324.png
"पञ्चाङ्ग-पठनम्",2025-03-04,03:00,2025-03-04,03:30,False,५१२६ क्रोधी-कुम्भः-२०: अद्य पञ्चाङ्गं पठामः! #adyatithi #अद्यतिथिः,https://raw.githubusercontent.com/karthikraman/panchangam/master/png/Chennai-5126/pathanam/325.png
"पञ्चाङ्ग-पठनम्",2025-03-05,03:00,2025-03-05,03:30,False,५१२६ क्रोधी-कुम्भः-२१: अद्य पञ्चाङ्गं पठामः! #adyatithi #अद्यतिथिः,https://raw.githubusercontent.com/karthikraman/panchangam/master/png/Chennai-5126/pathanam/326.png
"पञ्चाङ्ग-पठनम्",2025-03-06,03:00,2025-03-06,03:30,False,५१२६ क्रोधी-कुम्भः-२२: अद्य पञ्चाङ्गं पठामः! #adyatithi #अद्यतिथिः,https://raw.githubusercontent.com/karthikraman/panchangam/master/png/Chennai-5126/pathanam/327.png
"पञ्चाङ्ग-पठनम्",2025-03-07,03:00,2025-03-07,03:30,False,५१२६ क्रोधी-कुम्भः-२३: अद्य पञ्चाङ्गं पठामः! #adyatithi #अद्यतिथिः,https://raw.githubusercontent.com/karthikraman/panchangam/master/png/Chennai-5126/pathanam/328.png
"पञ्चाङ्ग-पठनम्",2025-03-08,03:00,2025-03-08,03:30,False,५१२६ क्रोधी-कुम्भः-२४: अद्य पञ्चाङ्गं पठामः! #adyatithi #अद्यतिथिः,https://raw.githubusercontent.com/karthikraman/panchangam/master/png/Chennai-5126/pathanam/329.png
"पञ्चाङ्ग-पठनम्",2025-03-09,03:00,2025-03-09,03:30,False,५१२६ क्रोधी-कुम्भः-२५: अद्य पञ्चाङ्गं पठामः! #adyatithi #अद्यतिथिः,https://raw.githubusercontent.com/karthikraman/panchangam/master/png/Chennai-5126/pathanam/330.png
"पञ्चाङ्ग-पठनम्",2025-03-10,03:00,2025-03-10,03:30,False,५१२६ क्रोधी-कुम्भः-२६: अद्य पञ्चाङ्गं पठामः! #adyatithi #अद्यतिथिः,https://raw.githubusercontent.com/karthikraman/panchangam/master/png/Chennai-5126/pathanam/331.png
"पञ्चाङ्ग-पठनम्",2025-03-11,03:00,2025-03-11,03:30,False,५१२६ क्रोधी-कुम्भः-२७: अद्य पञ्चाङ्गं पठामः! #adyatithi #अद्यतिथिः,https://raw.githubusercontent.com/karthikraman/panchangam/master/png/Chennai-5126/pathanam/332.png
"पञ्चाङ्ग-पठनम्",2025-03-12,03:00,2025-03-12,03:30,False,५१२६ क्रोधी-कुम्भः-२८: अद्य पञ्चाङ्गं पठामः! #adyatithi #अद्यतिथिः,https://raw.githubusercontent.com/karthikraman/panchangam/master/png/Chennai-5126/pathanam/333.png
"पञ्चाङ्ग-पठनम्",2025-03-13,03:00,2025-03-13,03:30,False,५१२६ क्रोधी-कुम्भः-२९: अद्य पञ्चाङ्गं पठामः! #adyatithi #अद्यतिथिः,https://raw.githubusercontent.com/karthikraman/panchangam/master/png/Chennai-5126/pathanam/334.png
"पञ्चाङ्ग-पठनम्",2025-03-14,03:00,2025-03-14,03:30,False,५१२६ क्रोधी-कुम्भः-३०: अद्य पञ्चाङ्गं पठामः! #adyatithi #अद्यतिथिः,https://raw.githubusercontent.com/karthikraman/panchangam/master/png/Chennai-5126/pathanam/335.png
"पञ्चाङ्ग-पठनम्",2025-03-15,03:00,2025-03-15,03:30,False,५१२६ क्रोधी-मीनः-१: अद्य पञ्चाङ्गं पठामः! #adyatithi #अद्यतिथिः,https://raw.githubusercontent.com/karthikraman/panchangam/master/png/Chennai-5126/pathanam/336.png
"पञ्चाङ्ग-पठनम्",2025-03-16,03:00,2025-03-16,03:30,False,५१२६ क्रोधी-मीनः-२: अद्य पञ्चाङ्गं पठामः! #adyatithi #अद्यतिथिः,https://raw.githubusercontent.com/karthikraman/panchangam/master/png/Chennai-5126/pathanam/337.png
"पञ्चाङ्ग-पठनम्",2025-03-17,03:00,2025-03-17,03:30,False,५१२६ क्रोधी-मीनः-३: अद्य पञ्चाङ्गं पठामः! #adyatithi #अद्यतिथिः,https://raw.githubusercontent.com/karthikraman/panchangam/master/png/Chennai-5126/pathanam/338.png
"पञ्चाङ्ग-पठनम्",2025-03-18,03:00,2025-03-18,03:30,False,५१२६ क्रोधी-मीनः-४: अद्य पञ्चाङ्गं पठामः! #adyatithi #अद्यतिथिः,https://raw.githubusercontent.com/karthikraman/panchangam/master/png/Chennai-5126/pathanam/339.png
"पञ्चाङ्ग-पठनम्",2025-03-19,03:00,2025-03-19,03:30,False,५१२६ क्रोधी-मीनः-५: अद्य पञ्चाङ्गं पठामः! #adyatithi #अद्यतिथिः,https://raw.githubusercontent.com/karthikraman/panchangam/master/png/Chennai-5126/pathanam/340.png
"पञ्चाङ्ग-पठनम्",2025-03-20,03:00,2025-03-20,03:30,False,५१२६ क्रोधी-मीनः-६: अद्य पञ्चाङ्गं पठामः! #adyatithi #अद्यतिथिः,https://raw.githubusercontent.com/karthikraman/panchangam/master/png/Chennai-5126/pathanam/341.png
"पञ्चाङ्ग-पठनम्",2025-03-21,03:00,2025-03-21,03:30,False,५१२६ क्रोधी-मीनः-७: अद्य पञ्चाङ्गं पठामः! #adyatithi #अद्यतिथिः,https://raw.githubusercontent.com/karthikraman/panchangam/master/png/Chennai-5126/pathanam/342.png
"पञ्चाङ्ग-पठनम्",2025-03-22,03:00,2025-03-22,03:30,False,५१२६ क्रोधी-मीनः-८: अद्य पञ्चाङ्गं पठामः! #adyatithi #अद्यतिथिः,https://raw.githubusercontent.com/karthikraman/panchangam/master/png/Chennai-5126/pathanam/343.png
"पञ्चाङ्ग-पठनम्",2025-03-23,03:00,2025-03-23,03:30,False,५१२६ क्रोधी-मीनः-९: अद्य पञ्चाङ्गं पठामः! #adyatithi #अद्यतिथिः,https://raw.githubusercontent.com/karthikraman/panchangam/master/png/Chennai-5126/pathanam/344.png
"पञ्चाङ्ग-पठनम्",2025-03-24,03:00,2025-03-24,03:30,False,५१२६ क्रोधी-मीनः-१०: अद्य पञ्चाङ्गं पठामः! #adyatithi #अद्यतिथिः,https://raw.githubusercontent.com/karthikraman/panchangam/master/png/Chennai-5126/pathanam/345.png
"पञ्चाङ्ग-पठनम्",2025-03-25,03:00,2025-03-25,03:30,False,५१२६ क्रोधी-मीनः-११: अद्य पञ्चाङ्गं पठामः! #adyatithi #अद्यतिथिः,https://raw.githubusercontent.com/karthikraman/panchangam/master/png/Chennai-5126/pathanam/346.png
"पञ्चाङ्ग-पठनम्",2025-03-26,03:00,2025-03-26,03:30,False,५१२६ क्रोधी-मीनः-१२: अद्य पञ्चाङ्गं पठामः! #adyatithi #अद्यतिथिः,https://raw.githubusercontent.com/karthikraman/panchangam/master/png/Chennai-5126/pathanam/347.png
"पञ्चाङ्ग-पठनम्",2025-03-27,03:00,2025-03-27,03:30,False,५१२६ क्रोधी-मीनः-१३: अद्य पञ्चाङ्गं पठामः! #adyatithi #अद्यतिथिः,https://raw.githubusercontent.com/karthikraman/panchangam/master/png/Chennai-5126/pathanam/348.png
"पञ्चाङ्ग-पठनम्",2025-03-28,03:00,2025-03-28,03:30,False,५१२६ क्रोधी-मीनः-१४: अद्य पञ्चाङ्गं पठामः! #adyatithi #अद्यतिथिः,https://raw.githubusercontent.com/karthikraman/panchangam/master/png/Chennai-5126/pathanam/349.png
"पञ्चाङ्ग-पठनम्",2025-03-29,03:00,2025-03-29,03:30,False,५१२६ क्रोधी-मीनः-१५: अद्य पञ्चाङ्गं पठामः! #adyatithi #अद्यतिथिः,https://raw.githubusercontent.com/karthikraman/panchangam/master/png/Chennai-5126/pathanam/350.png
"पञ्चाङ्ग-पठनम्",2025-03-30,03:00,2025-03-30,03:30,False,५१२६ क्रोधी-मीनः-१६: अद्य पञ्चाङ्गं पठामः! #adyatithi #अद्यतिथिः,https://raw.githubusercontent.com/karthikraman/panchangam/master/png/Chennai-5126/pathanam/351.png
"पञ्चाङ्ग-पठनम्",2025-03-31,03:00,2025-03-31,03:30,False,५१२६ क्रोधी-मीनः-१७: अद्य पञ्चाङ्गं पठामः! #adyatithi #अद्यतिथिः,https://raw.githubusercontent.com/karthikraman/panchangam/master/png/Chennai-5126/pathanam/352.png
"पञ्चाङ्ग-पठनम्",2025-04-01,03:00,2025-04-01,03:30,False,५१२६ क्रोधी-मीनः-१८: अद्य पञ्चाङ्गं पठामः! #adyatithi #अद्यतिथिः,https://raw.githubusercontent.com/karthikraman/panchangam/master/png/Chennai-5126/pathanam/353.png
"पञ्चाङ्ग-पठनम्",2025-04-02,03:00,2025-04-02,03:30,False,५१२६ क्रोधी-मीनः-१९: अद्य पञ्चाङ्गं पठामः! #adyatithi #अद्यतिथिः,https://raw.githubusercontent.com/karthikraman/panchangam/master/png/Chennai-5126/pathanam/354.png
"पञ्चाङ्ग-पठनम्",2025-04-03,03:00,2025-04-03,03:30,False,५१२६ क्रोधी-मीनः-२०: अद्य पञ्चाङ्गं पठामः! #adyatithi #अद्यतिथिः,https://raw.githubusercontent.com/karthikraman/panchangam/master/png/Chennai-5126/pathanam/355.png
"पञ्चाङ्ग-पठनम्",2025-04-04,03:00,2025-04-04,03:30,False,५१२६ क्रोधी-मीनः-२१: अद्य पञ्चाङ्गं पठामः! #adyatithi #अद्यतिथिः,https://raw.githubusercontent.com/karthikraman/panchangam/master/png/Chennai-5126/pathanam/356.png
"पञ्चाङ्ग-पठनम्",2025-04-05,03:00,2025-04-05,03:30,False,५१२६ क्रोधी-मीनः-२२: अद्य पञ्चाङ्गं पठामः! #adyatithi #अद्यतिथिः,https://raw.githubusercontent.com/karthikraman/panchangam/master/png/Chennai-5126/pathanam/357.png
"पञ्चाङ्ग-पठनम्",2025-04-06,03:00,2025-04-06,03:30,False,५१२६ क्रोधी-मीनः-२३: अद्य पञ्चाङ्गं पठामः! #adyatithi #अद्यतिथिः,https://raw.githubusercontent.com/karthikraman/panchangam/master/png/Chennai-5126/pathanam/358.png
"पञ्चाङ्ग-पठनम्",2025-04-07,03:00,2025-04-07,03:30,False,५१२६ क्रोधी-मीनः-२४: अद्य पञ्चाङ्गं पठामः! #adyatithi #अद्यतिथिः,https://raw.githubusercontent.com/karthikraman/panchangam/master/png/Chennai-5126/pathanam/359.png
"पञ्चाङ्ग-पठनम्",2025-04-08,03:00,2025-04-08,03:30,False,५१२६ क्रोधी-मीनः-२५: अद्य पञ्चाङ्गं पठामः! #adyatithi #अद्यतिथिः,https://raw.githubusercontent.com/karthikraman/panchangam/master/png/Chennai-5126/pathanam/360.png
"पञ्चाङ्ग-पठनम्",2025-04-09,03:00,2025-04-09,03:30,False,५१२६ क्रोधी-मीनः-२६: अद्य पञ्चाङ्गं पठामः! #adyatithi #अद्यतिथिः,https://raw.githubusercontent.com/karthikraman/panchangam/master/png/Chennai-5126/pathanam/361.png
"पञ्चाङ्ग-पठनम्",2025-04-10,03:00,2025-04-10,03:30,False,५१२६ क्रोधी-मीनः-२७: अद्य पञ्चाङ्गं पठामः! #adyatithi #अद्यतिथिः,https://raw.githubusercontent.com/karthikraman/panchangam/master/png/Chennai-5126/pathanam/362.png
"पञ्चाङ्ग-पठनम्",2025-04-11,03:00,2025-04-11,03:30,False,५१२६ क्रोधी-मीनः-२८: अद्य पञ्चाङ्गं पठामः! #adyatithi #अद्यतिथिः,https://raw.githubusercontent.com/karthikraman/panchangam/master/png/Chennai-5126/pathanam/363.png
"पञ्चाङ्ग-पठनम्",2025-04-12,03:00,2025-04-12,03:30,False,५१२६ क्रोधी-मीनः-२९: अद्य पञ्चाङ्गं पठामः! #adyatithi #अद्यतिथिः,https://raw.githubusercontent.com/karthikraman/panchangam/master/png/Chennai-5126/pathanam/364.png
"पञ्चाङ्ग-पठनम्",2025-04-13,03:00,2025-04-13,03:30,False,५१२६ क्रोधी-मीनः-३०: अद्य पञ्चाङ्गं पठामः! #adyatithi #अद्यतिथिः,https://raw.githubusercontent.com/karthikraman/panchangam/master/png/Chennai-5126/pathanam/365.png